ID,_Flag,_Nols,_SubChange_Del
1,1,不使用,0
2,2,新手教學結束,0
3,3,虛擬,0
4,4,虛擬,0
5,5,虛擬,0
6,6,虛擬,0
7,7,虛擬,0
8,8,虛擬,0
9,9,虛擬,0
10,10,虛擬,0
11,11,虛擬,0
12,12,虛擬,0
13,13,虛擬,0
14,14,虛擬,0
15,15,虛擬,0
16,16,虛擬,0
17,17,虛擬,0
18,18,虛擬,0
19,19,虛擬,0
20,20,虛擬,0
21,21,虛擬,0
22,22,虛擬,0
23,23,虛擬,0
24,24,虛擬,0
25,25,虛擬,0
26,26,虛擬,0
27,27,虛擬,0
28,28,虛擬,0
29,29,虛擬,0
30,30,虛擬,0
31,31,虛擬,0
32,32,虛擬,0
33,33,虛擬,0
34,34,虛擬,0
35,35,虛擬,0
36,36,虛擬,0
37,37,虛擬,0
38,38,虛擬,0
39,39,虛擬,0
40,40,虛擬,0
41,41,虛擬,0
42,42,虛擬,0
43,43,虛擬,0
44,44,虛擬,0
45,45,"與薩伊安的會面, 戰鬥前",0
46,46,探索異空間,0
47,47,虛擬,0
48,48,虛擬,0
49,49,虛擬,0
50,50,虛擬,0
51,51,虛擬,0
52,52,虛擬,0
53,53,虛擬,0
54,54,虛擬,0
55,55,虛擬,0
56,56,虛擬,0
57,57,虛擬,0
58,58,虛擬,0
59,59,虛擬,0
60,60,虛擬,0
61,61,和薩伊安對話,0
62,62,悲鳴海岸談話,0
63,63,與傑伊特對話,0
64,64,塔頂談話,0
65,65,虛擬,0
66,66,虛擬,0
67,67,虛擬,0
68,68,虛擬,0
69,69,虛擬,0
70,70,虛擬,0
71,71,虛擬,0
72,72,虛擬,0
73,73,虛擬,0
74,74,虛擬,0
75,75,虛擬,0
76,76,虛擬,0
77,77,虛擬,0
78,78,虛擬,0
79,79,虛擬,0
80,80,虛擬,0
81,81,虛擬,0
82,82,第一個石塔,0
83,83,第二個石塔,0
84,84,第三個石塔,0
85,85,最後的石塔,0
86,86,薩伊安的記憶,0
87,87,虛擬,0
88,88,虛擬,0
89,89,虛擬,0
90,90,虛擬,0
91,91,虛擬,0
92,92,虛擬,0
93,93,虛擬,0
94,94,與傑伊特對話,0
95,95,聆聽關於山嶽地帶的故事,0
96,96,與聯合公會守衛對話,0
97,97,與帝國騎士隊長對話,0
98,98,與帝國騎士隊長對話,0
99,99,與雷娜對話,0
100,100,與雷娜對話,0
101,101,與佩爾及莉茲對話,0
102,102,與伊普莉特對話,0
103,103,與伊普莉特對話,0
104,104,與佩爾及莉茲對話,0
105,105,與精英游擊兵對話,0
106,106,與青年貴族對話,0
107,107,遇見可疑的野獸,0
108,108,可疑野獸的真面目,0
109,109,和德庫斯對話,0
110,110,和德庫斯對話,0
111,111,與普拉蒂娜對話,0
112,112,與雷娜對話,0
113,113,虛擬,0
114,114,虛擬,0
115,115,虛擬,0
116,116,虛擬,0
117,117,虛擬,0
118,118,虛擬,0
119,119,虛擬,0
120,120,虛擬,0
121,121,虛擬,0
122,122,虛擬,0
123,123,虛擬,0
124,124,虛擬,0
125,125,虛擬,0
126,126,虛擬,0
127,127,虛擬,0
128,128,虛擬,0
129,129,虛擬,0
130,130,虛擬,0
131,131,虛擬,0
132,132,虛擬,0
133,133,虛擬,0
134,134,虛擬,0
135,135,虛擬,0
136,136,虛擬,0
137,137,虛擬,0
138,138,虛擬,0
139,139,虛擬,0
140,140,虛擬,0
141,141,虛擬,0
142,142,虛擬,0
143,143,虛擬,0
144,144,虛擬,0
145,145,虛擬,0
146,146,虛擬,0
147,147,虛擬,0
148,148,虛擬,0
149,149,虛擬,0
150,150,虛擬,0
151,151,虛擬,0
152,152,虛擬,0
153,153,虛擬,0
154,154,虛擬,0
155,155,虛擬,0
156,156,虛擬,0
157,157,虛擬,0
158,158,虛擬,0
159,159,虛擬,0
160,160,虛擬,0
161,161,虛擬,0
162,162,虛擬,0
163,163,在王宮與普拉蒂娜見面,0
164,164,在米德卡勒特傳送門前對話,0
165,165,在神秘森林與普拉蒂娜對話,0
166,166,到達普雷伊奧斯之前,0
167,167,在天空海內對話,0
168,168,與普拉蒂娜分開,0
169,169,虛擬,0
170,170,虛擬,0
171,171,虛擬,0
172,172,虛擬,0
173,173,和艾比對話,0
174,174,魯塞利亞戰鬥前,0
175,175,在星座峭壁發生的事,0
176,176,魯茲曼戰鬥前,0
177,177,魯茲曼戰鬥後,0
178,178,提修斯戰鬥前,0
179,179,與提修斯戰鬥後對話,0
180,180,虛擬,0
181,181,和達比對話,0
182,182,和達比對話,0
183,183,與雷娜 &夏拉的初次見面,0
184,184,虛擬,0
185,185,前往崩壞之塔頂端,0
186,186,華納海姆抵達活動,0
187,187,探索華納海姆,0
188,188,前往新月祭壇,0
189,189,與黑月公主對話,0
190,190,傳遞記憶給黑月公主,0
191,191,副職業裝備解除警告,0
192,192,探索喬安潘,0
193,193,???,0
194,194,與泰勒對話,0
195,195,艾利亞斯住宅區屋頂上,0
196,196,抵達世界樹之後,0
197,197,探索世界樹,0
198,198,???,0
199,199,探索妮宜,0
200,200,???,0
201,201,與奧丁對話,0
202,202,第一個記憶,0
203,203,第二個記憶,0
204,204,第三個記憶,0
205,205,卡茲諾對話 1,0
206,206,卡茲諾對話 2,0
207,207,卡茲諾對話 3,0
208,208,前往競技場,0
209,209,吉恩蒂亞公園,0
210,210,虛擬,0
211,211,虛擬,0
212,212,虛擬,0
213,213,虛擬,0
214,214,虛擬,0
215,215,虛擬,0
216,216,虛擬,0
217,217,虛擬,0
218,218,虛擬,0
219,219,虛擬,0
220,220,虛擬,0
221,221,虛擬,0
222,222,虛擬,0
223,223,虛擬,0
224,224,虛擬,0
225,225,虛擬,0
226,226,虛擬,0
227,227,虛擬,0
228,228,虛擬,0
229,229,虛擬,0
230,230,虛擬,0
231,231,虛擬,0
232,232,虛擬,0
233,233,虛擬,0
234,234,虛擬,0
235,235,虛擬,0
236,236,虛擬,0
237,237,新的相遇,0
238,238,在神秘森林裡與帕勒米菈對話,0
239,239,進入奧斯古拉斯臨時營區,0
240,240,尋找邀請的理由,0
241,241,尋找克倫變奇怪的理由,0
242,242,關於魔法陣向帕勒米菈報告,0
243,243,調查變異的魔法陣,0
244,244,第1次破壞魔法陣,0
245,245,關於碎片與帕勒米菈對話,0
246,246,關於碎片與亞凱殷對話,0
247,247,關於碎片與啾比對話,0
248,248,調查關於碎片的資料,0
249,249,確認新治療劑的效果,0
250,250,再次前往石英洞窟,0
251,251,佧羅內的告白,0
252,252,聽佧羅內的故事,0
253,253,協助破壞神器,0
254,254,協助破壞神器(2),0
255,255,最後對話,0
256,256,與亞凱殷對話,0
257,257,青空城入口,0
258,258,與哈瓦對話,0
259,259,與哈瓦對話,0
260,260,虛擬,0
261,261,[龍祭城] 龍祭城的復活,0
262,262,[龍祭城] 迅速整理不安的因素!,0
263,263,[龍祭城] 奇怪的東西,0
264,264,[龍祭城] 魔石類型研究,0
265,265,[龍祭城] 強大的魔石,0
266,266,[龍祭城] 回憶的期間,0
267,267,[龍祭城] 阿卡修拉的魔法類型,0
268,268,[龍祭城] 扭曲的空間,0
269,269,[龍祭城] 返回悲劇的起點,0
270,270,[龍祭城] 與奇毅太子的對話,0
271,271,[龍祭城] 分析結果,0
272,272,[龍祭城] 魔石的祕密,0
273,273,[龍祭城] 龍祭城劇情結束,0
274,274,虛擬,0
275,275,虛擬,0
276,276,虛擬,0
277,277,虛擬,0
278,278,虛擬,0
279,279,虛擬,0
280,280,虛擬,0
281,281,虛擬,0
282,282,虛擬,0
283,283,虛擬,0
284,284,虛擬,0
285,285,虛擬,0
286,286,虛擬,0
287,287,虛擬,0
288,288,虛擬,0
289,289,虛擬,0
290,290,虛擬,0
291,291,虛擬,0
292,292,虛擬,0
293,293,虛擬,0
294,294,虛擬,0
295,295,虛擬,0
296,296,虛擬,0
297,297,虛擬,0
298,298,虛擬,0
299,299,虛擬,0
300,300,虛擬,0
301,301,虛擬,0
302,302,虛擬,0
303,303,虛擬,0
304,304,虛擬,0
305,305,虛擬,0
306,306,虛擬,0
307,307,虛擬,0
308,308,虛擬,0
309,309,虛擬,0
310,310,虛擬,0
311,311,虛擬,0
312,312,虛擬,0
313,313,虛擬,0
314,314,虛擬,0
315,315,虛擬,0
316,316,虛擬,0
317,317,虛擬,0
318,318,虛擬,0
319,319,虛擬,0
320,320,虛擬,0
321,321,虛擬,0
322,322,虛擬,0
323,323,虛擬,1
324,324,虛擬,1
325,325,虛擬,1
326,326,虛擬,1
327,327,虛擬,1
328,328,虛擬,1
329,329,虛擬,1
330,330,虛擬,1
331,331,虛擬,1
332,332,虛擬,1
333,333,虛擬,1
334,334,虛擬,1
335,335,虛擬,1
336,336,虛擬,1
337,337,虛擬,1
338,338,虛擬,1
339,339,虛擬,1
340,340,虛擬,1
341,341,虛擬,1
342,342,虛擬,1
343,343,虛擬,1
344,344,虛擬,1
345,345,虛擬,1
346,346,虛擬,1
347,347,虛擬,1
348,348,虛擬,1
349,349,虛擬,1
350,350,虛擬,1
351,351,虛擬,1
352,352,虛擬,1
353,353,虛擬,1
354,354,虛擬,1
355,355,虛擬,1
356,356,虛擬,1
357,357,虛擬,1
358,358,虛擬,1
359,359,虛擬,1
360,360,虛擬,1
361,361,虛擬,1
362,362,虛擬,1
363,363,虛擬,1
364,364,虛擬,1
365,365,虛擬,1
366,366,虛擬,1
367,367,虛擬,1
368,368,虛擬,1
369,369,虛擬,1
370,370,虛擬,1
371,371,與雷比對話,0
372,372,與雷比對話,0
373,373,與費勒迪南德對話,0
374,374,與帕勒米菈對話,0
375,375,與巴勒摩對話,0
376,376,與巴勒摩對話,0
377,377,與海雷斯對話,0
378,378,與海雷斯對話,0
379,379,與海雷斯對話,0
380,380,與雷比對話,0
381,381,與亞凱殷對話,0
382,382,與凱米努茲對話,0
383,383,與亞凱殷對話,0
384,384,與帕勒米菈對話,0
385,385,虛擬,0
386,386,與愛因斯特對話,0
387,387,與波拉莉對話,0
388,388,與歐若拉對話,0
389,389,虛擬,0
390,390,[立佩拉] 與雷比對話,0
391,391,[立佩拉] 與雷比對話,0
392,392,[立佩拉] 與羅希雅對話,0
393,393,[梅林島] 與艾皮斯對話,0
394,394,[梅林島] 與艾皮斯對話,0
395,395,[梅林島] 與艾皮斯對話,0
396,396,[梅林島] 與艾皮斯對話,0
397,397,[立佩拉] 與雷比對話,0
398,398,[立佩拉] 與馬勒泰利對話,0
399,399,[立佩拉] 與雷比對話,0
400,400,[立佩拉] 與伊娃對話,0
401,401,[立佩拉] 與伊娃對話,0
402,402,[立佩拉] 與雷比對話,0
403,403,[立佩拉] 與羅希雅對話,0
404,404,[魔石實驗室] 凡恩與瑪拉對話,0
405,405,[市政府] 與迪特對話,0
406,406,[市政府] 戰鬥前與傑凱對話,0
407,407,[市政府] 戰鬥後與傑凱對話,0
408,408,[聯合公會] 與夏拉亞賽蘿對話,0
409,409,[惡魔之山] 與莉希歐奈對話,0
410,410,[惡魔之山] 與莉希歐奈對話,0
411,411,[惡魔之山] 與莉希歐奈對話,0
412,412,[惡魔的峽谷] 與凱魯斯對話,0
413,413,[惡魔之山] 與莉希歐奈對話,0
414,414,[聯合公會] 與夏拉亞賽蘿對話,0
415,415,虛擬,0
416,416,虛擬,0
417,417,虛擬,0
418,418,虛擬,0
419,419,虛擬,0
420,420,虛擬,0
421,421,虛擬,0
422,422,虛擬,0
423,423,虛擬,0
424,424,虛擬,0
425,425,虛擬,0
426,426,虛擬,0
427,427,虛擬,0
428,428,虛擬,0
429,429,虛擬,0
430,430,虛擬,0
431,431,虛擬,0
432,432,虛擬,0
433,433,虛擬,0
434,434,虛擬,0
435,435,虛擬,1
436,436,虛擬,1
437,437,虛擬,1
438,438,虛擬,1
439,439,虛擬,1
440,440,虛擬,1
441,441,虛擬,1
442,442,虛擬,1
443,443,虛擬,1
444,444,虛擬,1
445,445,虛擬,1
446,446,虛擬,1
447,447,虛擬,1
448,448,虛擬,1
449,449,虛擬,1
450,450,虛擬,1
451,451,虛擬,1
452,452,虛擬,1
453,453,虛擬,1
454,454,虛擬,1
455,455,虛擬,0
456,456,虛擬,0
457,457,虛擬,0
458,458,虛擬,0
459,459,虛擬,0
460,460,虛擬,0
461,461,虛擬,1
462,462,虛擬,1
463,463,虛擬,1
464,464,虛擬,1
465,465,虛擬,1
466,466,虛擬,1
467,467,虛擬,0
468,468,虛擬,0
469,469,虛擬,0
470,470,虛擬,1
471,471,虛擬,1
472,472,虛擬,1
473,473,和愛伊琳對話,0
474,474,與愛因斯特對話,0
475,475,和愛伊琳對話,0
476,476,與底格里斯對話,0
477,477,與普雷督斯對話,0
478,478,與普雷督斯對話,0
479,479,與普拉斯對話,0
480,480,與普雷督斯對話,0
481,481,與巴布梅特對話,0
482,482,與普雷督斯對話,0
483,483,與底格里斯對話,0
484,484,與雷歐對話,0
485,485,與底格里斯對話,0
486,486,與莉塔妮婭對話,0
487,487,與馬勒泰利對話,0
488,488,與艾皮斯對話,0
489,489,與多倫對話,0
490,490,與多倫對話,0
491,491,與多倫對話,0
492,492,與忽安對話,0
493,493,與多倫對話,0
494,494,與馬勒泰利對話,0
495,495,與伊娃對話,0
496,496,與莉塔妮婭對話,0
497,497,與莉塔妮婭對話,0
498,498,與莉塔妮婭對話,0
499,499,虛擬,0
500,500,虛擬,0
501,501,虛擬,0
502,502,虛擬,0
503,503,虛擬,0
504,504,虛擬,0
505,505,虛擬,0
506,506,與蘿絲瑪莉對話,0
507,507,與蘿絲瑪莉對話,0
508,508,與蘿絲瑪莉對話,0
509,509,與希索普對話,0
510,510,與塔勒曼對話,0
511,511,與希索普對話,0
512,512,與帕爾洛斯對話,0
513,513,與35代阿耆尼對話,0
514,514,與猶忒國王對話,0
515,515,與帕爾洛斯對話,0
516,516,與巴吉爾對話,0
517,517,與蘿絲瑪莉對話,0
518,518,與蘿絲瑪莉對話,0
519,519,與巴吉爾對話,0
520,520,與巴吉爾對話,0
521,521,與蘿絲瑪莉對話,0
522,522,與希索普對話,0
523,523,與塔勒曼對話,0
524,524,與希索普對話,0
525,525,與帕爾洛斯對話,0
526,526,與35代阿耆尼對話,0
527,527,與35代阿耆尼對話,0
528,528,與猶忒國王對話,0
529,529,與巴吉爾對話,0
530,530,與蘿絲瑪莉對話,0
531,531,與凱伊絲對話,0
532,532,與凱伊絲對話,0
533,533,與凱伊絲對話,0
534,534,與凱伊絲對話,0
535,535,與代理人歐瑟對話,0
536,536,與代理人歐瑟對話,0
537,537,與代理人歐瑟對話,0
538,538,與代理人歐瑟對話,0
539,539,與彌雅祭司對話,0
540,540,與彌雅祭司對話,0
541,541,與伊登對話,0
542,542,與艾兒對話,0
543,543,與艾兒對話,0
544,544,與艾兒對話,0
545,545,與悟爾對話,0
546,546,與沛斯嘉對話,0
547,547,與悟爾對話,0
548,548,與伊登對話,0
549,549,與阿思瑪對話,0
550,550,虛擬,0
551,551,虛擬,0
552,552,虛擬,0
553,553,虛擬,0
554,554,虛擬,0
555,555,虛擬,0
556,556,虛擬,0
557,557,虛擬,0
558,558,虛擬,0
559,559,虛擬,0
560,560,虛擬,0
561,561,與ELLE對話,0
562,562,與ELLE對話,0
563,563,與ELLE對話,0
564,564,與ELLE對話,0
565,565,虛擬,0
566,566,虛擬,0
567,567,虛擬,0
568,568,虛擬,0
569,569,虛擬,0
570,570,虛擬,0
571,571,虛擬,0
572,572,虛擬,0
573,573,虛擬,0
574,574,虛擬,0
575,575,虛擬,0
576,576,虛擬,0
577,577,虛擬,0
578,578,虛擬,0
579,579,虛擬,0
580,580,虛擬,0
581,581,虛擬,0
582,582,虛擬,0
583,583,虛擬,0
584,584,虛擬,0
585,585,虛擬,0
586,586,虛擬,0
587,587,虛擬,0
588,588,虛擬,0
589,589,虛擬,0
590,590,虛擬,0
591,591,虛擬,0
592,592,虛擬,0
593,593,虛擬,0
594,594,虛擬,0
595,595,虛擬,0
596,596,虛擬,0
597,597,虛擬,0
598,598,虛擬,0
599,599,虛擬,0
600,600,虛擬,0
601,601,虛擬,0
602,602,虛擬,0
603,603,虛擬,0
604,604,虛擬,0
605,605,虛擬,0
606,606,虛擬,0
607,607,虛擬,0
608,608,虛擬,0
609,609,虛擬,0
610,610,虛擬,0
611,611,虛擬,0
612,612,虛擬,0
613,613,虛擬,0
614,614,虛擬,0
615,615,虛擬,0
616,616,與ELLE對話,0
617,617,虛擬,0
618,618,與柔藍對話,0
619,619,與傑瑞斯對話,0
620,620,和基恩對話,0
621,621,與絮可對話,0
622,622,與絮可對話,0
623,623,與比柏萊特對話,0
624,624,與穆亞對話,0
625,625,與喬艾對話,0
626,626,與愛麗絲對話,0
627,627,虛擬,0
628,628,虛擬,0
629,629,虛擬,0
630,630,虛擬,0
631,631,虛擬,0
632,632,虛擬,0
633,633,和亞瑟對話,0
634,634,與艾琳娜對話,0
635,635,與艾琳娜對話,0
636,636,和瑪利對話,0
637,637,與艾琳娜對話,0
638,638,與艾琳娜對話,0
639,639,與艾琳娜對話,0
640,640,與艾琳娜對話,0
641,641,和瑪利對話,0
642,642,與艾琳娜對話,0
643,643,與悟爾對話,0
644,644,與赫爾摩妮亞對話,0
645,645,與薇爾對話,0
646,646,與薇爾對話,0
647,647,與薇爾對話,0
648,648,與蓋斯對話,0
649,649,與蓋斯對話,0
650,650,厄運戰鬥前,0
651,651,與愛麗絲對話,0
652,652,與蓋斯對話,0
653,653,與赫爾摩妮亞對話,0
654,654,與柔藍對話,0
655,655,虛擬,0
656,656,虛擬,0
657,657,虛擬,0
658,658,虛擬,0
659,659,虛擬,0
660,660,虛擬,0
661,661,虛擬,0
662,662,虛擬,0
663,663,虛擬,0
664,664,虛擬,0
665,665,虛擬,0
666,666,虛擬,0
667,667,虛擬,0
668,668,虛擬,0
669,669,虛擬,0
670,670,虛擬,0
671,671,虛擬,0
672,672,虛擬,0
673,673,初次進入記憶的貝羅斯,0
674,674,與柔藍對話,0
675,675,與柔藍對話,0
676,676,與緹雅對話,0
677,677,與緹雅對話,0
678,678,與緹雅對話,0
679,679,與柔藍對話,0
680,680,與緹雅對話,0
681,681,與緹雅對話,0
682,682,與阿思瑪對話,0
683,683,與緹雅對話,0
684,684,與柔藍對話,0
685,685,與赫爾摩妮亞對話,0
686,686,與薇爾對話,0
687,687,與煞尼克對話,0
688,688,與麥爾比克對話,0
689,689,與麥爾比克對話,0
690,690,與麥爾比克對話,0
691,691,與盧因對話,0
692,692,與盧因對話,0
693,693,與煞尼克對話,0
694,694,與瑪帕斯對話,0
695,695,與瑪帕斯對話,0
696,696,與煞尼克對話,0
697,697,與麥爾比克對話,0
698,698,與麥爾比克對話,0
699,699,與萊伊對話,0
700,700,與傑瑞斯對話,0
701,701,與麥爾比克對話,0
702,702,與薇奧菈對話,0
703,703,與麥爾比克對話,0
704,704,與諾艾爾對話,0
705,705,與萊伊對話,0
706,706,和海樂妮對話,0
707,707,與萊伊對話,0
708,708,與赫爾摩妮亞對話,0
709,709,與薇爾對話,0
710,710,與赫爾摩妮亞對話,0
711,711,和神官克拉托斯對話,0
712,712,與薇爾對話,0
713,713,與赫爾摩妮亞對話,0
714,714,與緹雅對話,0
715,715,與凱伊絲對話,0
716,716,與凱伊絲對話,0
717,717,與緹雅對話,0
718,718,與柔藍對話,0
719,719,與修古對話,0
720,720,與帕勒米菈對話,0
721,721,與拉比譚對話,0
722,722,與拉比譚對話,0
723,723,與赫爾摩妮亞對話,0
724,724,與薇爾對話,0
725,725,與拉比譚對話,0
726,726,與拉比譚對話,0
727,727,與帕勒米菈對話,0
728,728,與拉比譚對話,0
729,729,與帕勒米菈對話,0
730,730,與帕勒米菈對話,0
731,731,與拉比譚對話,0
732,732,虛擬,0
733,733,虛擬,0
734,734,虛擬,0
735,735,與拉比譚對話,0
736,736,與帕斯對話,0
737,737,與帕斯對話,0
738,738,與阿思瑪對話,0
739,739,與阿思瑪對話,0
740,740,與拉比譚對話,0
741,741,與拉比譚對話,0
742,742,和薩伊安對話,0
743,743,和薩伊安對話,0
744,744,與煞尼克對話,0
745,745,與煞尼克對話,0
746,746,與帕勒米菈對話,0
747,747,與啾比對話,0
748,748,與阿思瑪對話,0
749,749,與帕斯對話,0
750,750,與帕斯對話,0
751,751,與薇奧菈對話,0
752,752,與啾比對話,0
753,753,與帕勒米菈對話,0
754,754,與貝麗泰對話,0
755,755,與蘿絲瑪莉對話,0
756,756,與蘿絲瑪莉對話,0
757,757,與彌雅祭司對話,0
758,758,虛擬,0
759,759,與煞尼克對話,0
760,760,與薇奈特對話,0
761,761,與薇奈特對話,0
762,762,與貝儂對話,0
763,763,與梅麗維爾對話,0
764,764,與玫蒂亞對話,0
765,765,與薇奈特對話,0
766,766,與阿德奇納對話,0
767,767,與薇奈特對話,0
768,768,與拜斯對話,0
769,769,與拜斯對話,0
770,770,與薇奈特對話,0
771,771,與某人對話,0
772,772,與薇奈特對話,0
773,773,與玫蒂亞對話,0
774,774,與煞尼克對話,0
775,775,與阿德奇納對話,0
776,776,與阿德奇納對話,0
777,777,查看吉納蒂亞石像,0
778,778,和神官克拉托斯對話,0
779,779,和神官希穆勒克對話,0
780,780,與阿德奇納對話,0
781,781,與玫蒂亞對話,0
782,782,與玫蒂亞對話,0
783,783,與萊伊對話,0
784,784,與諾艾爾對話,0
785,785,與梅麗維爾對話,0
786,786,與薇奈特對話,0
787,787,與蓋斯對話,0
788,788,和佩爾對話,0
789,789,和佩爾對話,0
790,790,與拉比譚對話,0
791,791,和佩爾對話,0
792,792,感受到氣息的場所,0
793,793,與蓋斯對話,0
794,794,與薇奈特對話,0
795,795,與愛麗絲對話,0
796,796,與雷比對話,0
797,797,與黑月公主對話,0
798,798,與黑月公主對話,0
799,799,與愛麗絲對話,0
800,800,虛擬,0
801,801,與煞尼克對話,0
802,802,與艾琳娜對話,0
803,803,與艾琳娜對話,0
804,804,與艾琳娜對話,0
805,805,和薩伊安對話,0
806,806,和薩伊安對話,0
807,807,與艾琳娜對話,0
808,808,和薩伊安對話,0
809,809,與愛因斯特對話,0
810,810,與傑伊特對話,0
811,811,與賽伊娜對話,0
812,812,與萊莉對話,0
813,813,與賽伊娜對話,0
814,814,與賽伊娜對話,0
815,815,與傑伊特對話,0
816,816,與萊莉對話,0
817,817,與賽伊娜對話,0
818,818,與傑伊特對話,0
819,819,與雷娜對話,0
820,820,與雷娜對話,0
821,821,與柔藍對話,0
822,822,與緹雅對話,0
823,823,與緹雅對話,0
824,824,與盧因對話,0
825,825,與悟爾對話,0
826,826,與柔藍對話,0
827,827,與傑伊特對話,0
828,828,與安伯露西亞對話,0
829,829,和艾妮斯對話,0
830,830,與莎拉斯芭蒂談話,0
831,831,與莎拉斯芭蒂談話,0
832,832,和艾妮斯對話,0
833,833,與萊莉對話,0
834,834,和夏拉對話,0
835,835,和夏拉對話,0
836,836,與普拉蒂娜對話,0
837,837,與萊莉對話,0
838,838,與愛因斯特對話,0
839,839,與愛因斯特對話,0
840,840,與愛因斯特對話,0
841,841,與雷娜對話,0
842,842,與賽伊娜對話,0
843,843,與雷娜對話,0
844,844,與戴娜對話,0
845,845,與拉格雷特對話,0
846,846,與戴娜對話,0
847,847,與奧菕對話,0
848,848,與奧菕對話,0
849,849,與普拉蒂娜對話,0
850,850,與諾克斯王子對話,0
851,851,與諾克斯王子對話,0
852,852,與普拉蒂娜對話,0
853,853,和基恩對話,0
854,854,與貝格爾米爾對話,0
855,855,與貝格爾米爾對話,0
856,856,和基恩對話,0
857,857,愛麗絲需要的力量,0
858,858,和基恩對話,0
859,859,與戴娜對話,0
860,860,與戴娜對話,0
861,861,與煞尼克對話,0
862,862,與玫蒂亞對話,0
863,863,與玫蒂亞對話,0
864,864,與麥爾比克對話,0
865,865,與煞尼克對話,0
866,866,與莎拉斯芭蒂談話,0
867,867,和瑪利對話,0
868,868,與多倫對話,0
869,869,與拉娜夏對話,0
870,870,與拉娜夏對話,0
871,871,與莎拉斯芭蒂談話,0
872,872,和基恩對話,0
873,873,與帕斯對話,0
874,874,與緹雅對話,0
875,875,與柔藍對話,0
876,876,和基恩對話,0
877,877,和菲莉亞對話,0
878,878,和菲莉亞對話,0
879,879,和菲莉亞對話,0
880,880,和伊修塔樂對話,0
881,881,與玫蒂亞對話,0
882,882,虛擬,0
883,883,虛擬,0
884,884,虛擬,0
885,885,虛擬,0
886,886,虛擬,0
887,887,虛擬,0
888,888,虛擬,0
889,889,與泰奧多勒對話,0
890,890,與柔藍對話,0
891,891,與吉斯卡德對話,0
892,892,與西娜對話,0
893,893,與西娜對話,0
894,894,與吉斯卡德對話,0
895,895,與西娜對話,0
896,896,與艾兒對話,0
897,897,與蛇影對話,0
898,898,?????,0
899,899,與艾兒對話,0
900,900,與西娜對話,0
901,901,雷黛之江,0
902,902,回來後與西娜對話,0
903,903,與雷黛對話,0
904,904,與雷黛對話,0
905,905,與西娜對話,0
906,906,?????,0
907,907,與西娜對話,0
908,908,與吉斯卡德對話,0
909,909,與泰奧多勒對話,0
910,910,與賽伊娜對話,0
911,911,與玫蒂亞對話,0
912,912,與玫蒂亞對話,0
913,913,與艾兒對話,0
914,914,與赫爾摩妮亞對話,0
915,915,與赫爾摩妮亞對話,0
916,916,與艾兒對話,0
917,917,與西娜對話,0
918,918,與西娜對話,0
919,919,與愛麗絲對話,0
920,920,與薇奈特對話,0
921,921,?????,0
922,922,與薇奈特對話,0
923,923,某人的記憶,0
924,924,與薇奈特對話,0
925,925,與阿德奇納對話,0
926,926,與貝萊德對話,0
927,927,與貝萊德對話,0
928,928,與克莉西恩對話,0
929,929,與皮歐妮亞對話,0
930,930,與蘿絲瑪莉對話,0
931,931,與貝萊德對話,0
932,932,與八爾德冽對話,0
933,933,與莉莉絲對話,0
934,934,與莉莉絲對話,0
935,935,與八爾德冽對話,0
936,936,與貝萊德對話,0
937,937,玫瑰園大廳,0
938,938,與阿斯莫德對話,0
939,939,與阿斯莫德對話,0
940,940,與貝萊德對話,0
941,941,與貝萊德對話,0
942,942,與貝萊德對話,0
943,943,與薇奈特對話,0
944,944,與阿德奇納對話,0
945,945,與貝萊德對話,0
946,946,與阿德奇納對話,0
947,947,與皮歐妮亞對話,0
948,948,與皮歐妮亞對話,0
949,949,與克莉西恩對話,0
950,950,與八爾德冽對話,0
951,951,與八爾德冽對話,0
952,952,與克莉西恩對話,0
953,953,與阿德奇納對話,0
954,954,與阿德奇納對話,0
955,955,與阿德奇納對話,0
956,956,與煞尼克對話,0
957,957,與蘿絲瑪莉對話,0
958,958,與吉斯卡德對話,0
959,959,與蘿絲瑪莉對話,0
960,960,與戴娜對話,0
961,961,?????,0
962,962,與阿德奇納對話,0
963,963,與薇奈特對話,0
964,964,與戴娜對話,0
965,965,?????,0
966,966,與戴娜對話,0
967,967,和夏拉對話,0
968,968,與奧菕對話,0
969,969,與奧菕對話,0
970,970,與阿爾森特對話,0
971,971,巴爾巴托斯的聲音,0
972,972,與米卡艾拉對話,0
973,973,與米卡艾拉對話,0
974,974,與阿爾森特對話,0
975,975,與奧菕對話,0
976,976,與阿爾森特對話,0
977,977,與巴爾巴托斯對話,0
978,978,與巴爾巴托斯對話,0
979,979,與阿爾森特對話,0
980,980,與阿爾森特對話,0
981,981,與阿爾森特對話,0
982,982,與戴娜對話,0
983,983,與薇奈特對話,0
984,984,與玫蒂亞對話,0
985,985,與貝萊德對話,0
986,986,與玫蒂亞對話,0
987,987,與煞尼克對話,0
988,988,與奧菕對話,0
989,989,與普拉蒂娜對話,0
990,990,與奧菕對話,0
991,991,與奧菕對話,0
992,992,與阿爾森特對話,0
993,993,與戴娜對話,0
994,994,和薩伊安對話,0
995,995,與戴娜對話,0
996,996,?????,0
997,997,虛擬,0
998,998,虛擬,0
999,999,虛擬,0
1000,1000,虛擬,0
1001,1001,與亞瑟絲對話,0
1002,1002,與亞瑟絲對話,0
1003,1003,古木林入口,0
1004,1004,探索古木林,0
1005,1005,與喬艾對話,0
1006,1006,與喬艾對話 (1),0
1007,1007,與喬艾對話 (2),0
1008,1008,與喬艾對話 (1),0
1009,1009,與喬艾對話 (2),0
1010,1010,與影波克對話,0
1011,1011,與喬艾對話,0
1012,1012,與穆亞對話,0
1013,1013,艾利亞斯碑石前,0
1014,1014,和伊克納特對話,0
1015,1015,和柳香帥對話,0
1016,1016,與阿權對話 (1),0
1017,1017,與阿權對話 (2),0
1018,1018,和蕭羽對話,0
1019,1019,和阿權對話,0
1020,1020,和阿權對話,0
1021,1021,和蕭羽對話,0
1022,1022,和蕭羽對話,0
1023,1023,與亞美對話,0
1024,1024,與黑月公主對話,0
1025,1025,與黑月公主對話,0
1026,1026,與卡地佛對話,0
1027,1027,和範繼宇對話,0
1028,1028,和範繼宇對話,0
1029,1029,與黑月公主對話,0
1030,1030,和拉姆亞對話,0
1031,1031,與黑月公主對話,0
1032,1032,與黑月公主對話,0
1033,1033,與黑月公主對話,0
1034,1034,?????,0
1035,1035,在艾利亞斯碑石前,0
1036,1036,與惠宗對話,0
1037,1037,與宣聖對話,0
1038,1038,和範繼宇對話,0
1039,1039,????,0
1040,1040,與可雅對話,0
1041,1041,聆聽奧爾卡海邊故事,0
1042,1042,奧爾卡海邊石像,0
1043,1043,和佩爾柯特對話,0
1044,1044,和佩爾柯特對話,0
1045,1045,與摩莉絲修女對話,0
1046,1046,與摩莉絲修女對話,0
1047,1047,?????,0
1048,1048,與摩莉絲修女對話,0
1049,1049,與安娜史塔莎對話,0
1050,1050,與女性冒險家對話,0
1051,1051,與女性冒險家對話,0
1052,1052,與女性冒險家對話,0
1053,1053,與女性冒險家對話,0
1054,1054,亞特蘭提斯的過去,0
1055,1055,與安娜史塔莎對話,0
1056,1056,與黑月公主對話,0
1057,1057,與黑月公主對話,0
1058,1058,和舞扇忍者對話,0
1059,1059,和塔莫里對話,0
1060,1060,和西諾對話,0
1061,1061,與喬安對話,0
1062,1062,?????,0
1063,1063,和西諾對話,0
1064,1064,和史德拉對話,0
1065,1065,和史德拉?對話,0
1066,1066,於停等區1與某人對話,0
1067,1067,和破碎的貝特對話,0
1068,1068,和伊修塔樂對話,0
1069,1069,和艾爾梅對話,0
1070,1070,和伊修塔樂對話,0
1071,1071,和菲莉亞對話,0
1072,1072,與莎拉斯芭蒂談話,0
1073,1073,與可疑的孩子們對話,0
1074,1074,與莎拉斯芭蒂談話,0
1075,1075,與霍爾對話,0
1076,1076,與霍爾對話,0
1077,1077,與某對兄弟對話,0
1078,1078,虛擬,0
1079,1079,虛擬,0
1080,1080,虛擬,0
1081,1081,虛擬,0
1082,1082,虛擬,0
1083,1083,虛擬,0
1084,1084,虛擬,0
1085,1085,虛擬,0
1086,1086,虛擬,0
1087,1087,虛擬,0
1088,1088,虛擬,0
1089,1089,虛擬,0
1090,1090,虛擬,0
1091,1091,虛擬,0
1092,1092,虛擬,0
1093,1093,虛擬,0
1094,1094,虛擬,0
1095,1095,虛擬,0
1096,1096,虛擬,0
1097,1097,虛擬,0
1098,1098,虛擬,0
1099,1099,虛擬,0
1100,1100,虛擬,0
1101,1101,區域 1101 收尾,0
1102,1102,區域 1102 收尾,0
1103,1103,區域 1103 收尾,0
1104,1104,區域 1104 收尾,0
1105,1105,區域 1105 收尾,0
1106,1106,區域 1106 收尾,0
1107,1107,區域 1107 收尾,0
1108,1108,區域 1108 收尾,0
1109,1109,區域 1109 收尾,0
1110,1110,區域 1110 收尾,0
1111,1111,區域 1111 收尾,0
1112,1112,區域 1112 收尾,0
1113,1113,區域 1113 收尾,0
1114,1114,區域 1114 收尾,0
1115,1115,區域 1115 收尾,0
1116,1116,區域 1116 收尾,0
1117,1117,區域 1117 收尾,0
1118,1118,區域 1118 收尾,0
1119,1119,區域 1119 收尾,0
1120,1120,區域 1120 收尾,0
1121,1121,區域 1121 收尾,0
1122,1122,區域 1122 收尾,0
1123,1123,區域 1123 收尾,0
1124,1124,區域 1124 收尾,0
1125,1125,區域 1125 收尾,0
1126,1126,區域 1126 收尾,0
1127,1127,區域 1127 收尾,0
1128,1128,區域 1128 收尾,0
1129,1129,區域 1129 收尾,0
1130,1130,區域 1130 收尾,0
1131,1131,區域 1131 收尾,0
1132,1132,區域 1132 收尾,0
1133,1133,區域 1133 收尾,0
1134,1134,區域 1134 收尾,0
1135,1135,區域 1135 收尾,0
1136,1136,區域 1136 收尾,0
1137,1137,區域 1137 收尾,0
1138,1138,區域 1138 收尾,0
1139,1139,區域 1139 收尾,0
1140,1140,區域 1140 收尾,0
1141,1141,區域 1141 收尾,0
1142,1142,區域 1142 收尾,0
1143,1143,區域 1143 收尾,0
1144,1144,區域 1144 收尾,0
1145,1145,區域 1145 收尾,0
1146,1146,區域 1146 收尾,0
1147,1147,區域 1147 收尾,0
1148,1148,區域 1148 收尾,0
1149,1149,區域 1149 收尾,0
1150,1150,區域 1150 收尾,0
1151,1151,區域 1151 收尾,0
1152,1152,區域 1152 收尾,0
1153,1153,區域 1153 收尾,0
1154,1154,區域 1154 收尾,0
1155,1155,區域 1155 收尾,0
1156,1156,區域 1156 收尾,0
1157,1157,區域 1157 收尾,0
1158,1158,區域 1158 收尾,0
1159,1159,區域 1159 收尾,0
1160,1160,區域 1160 收尾,0
1161,1161,區域 1161 收尾,0
1162,1162,區域 1162 收尾,0
1163,1163,區域 1163 收尾,0
1164,1164,區域 1164 收尾,0
1165,1165,區域 1165 收尾,0
1166,1166,區域 1166 收尾,0
1167,1167,區域 1167 收尾,0
1168,1168,區域 1168 收尾,0
1169,1169,區域 1169 收尾,0
1170,1170,區域 1170 收尾,0
1171,1171,區域 1171 收尾,0
1172,1172,區域 1172 收尾,0
1173,1173,區域 1173 收尾,0
1174,1174,區域 1174 收尾,0
1175,1175,區域 1175 收尾,0
1176,1176,區域 1176 收尾,0
1177,1177,區域 1177 收尾,0
1178,1178,區域 1178 收尾,0
1179,1179,區域 1179 收尾,0
1180,1180,區域 1180 收尾,0
1181,1181,區域 1181 收尾,0
1182,1182,區域 1182 收尾,0
1183,1183,區域 1183 收尾,0
1184,1184,區域 1184 收尾,0
1185,1185,區域 1185 收尾,0
1186,1186,區域 1186 收尾,0
1187,1187,區域 1187 收尾,0
1188,1188,區域 1188 收尾,0
1189,1189,區域 1189 收尾,0
1190,1190,區域 1190 收尾,0
1191,1191,區域 1191 收尾,0
1192,1192,區域 1192 收尾,0
1193,1193,區域 1193 收尾,0
1194,1194,區域 1194 收尾,0
1195,1195,區域 1195 收尾,0
1196,1196,區域 1196 收尾,0
1197,1197,區域 1197 收尾,0
1198,1198,區域 1198 收尾,0
1199,1199,區域 1199 收尾,0
1200,1200,虛擬,0
1201,1201,和達比對話,0
1202,1202,與柔藍對話,0
1203,1203,誓約的聖地入口後,0
1204,1204,與愛麗絲對話,0
1205,1205,與愛麗絲對話,0
1206,1206,與皮歐妮亞對話,0
1207,1207,雪原入口,0
1208,1208,與TT對話,0
1209,1209,與葛利特對話,0
1210,1210,與裔奧對話,0
1211,1211,進入冰柱監獄,0
1212,1212,阿爾戈斯戰鬥前對話,0
1213,1213,過去的故事,0
1214,1214,與娜琳對話,0
1215,1215,與瑪德琳對話,0
1216,1216,進入回音之泉,0
1217,1217,與艾可對話,0
1218,1218,與艾可對話,0
1219,1219,與瑪德琳對話,0
1220,1220,冰翼的記憶,0
1221,1221,與瑪德琳對話,0
1222,1222,與瑪德琳對話,0
1223,1223,與裔奧對話,0
1224,1224,在葛利特面前與裔奧對話,0
1225,1225,與費塔對話,0
1226,1226,虛擬,0
1227,1227,虛擬,0
1228,1228,虛擬,0
1229,1229,虛擬,0
1230,1230,虛擬,0
1231,1231,虛擬,0
1232,1232,虛擬,0
1233,1233,虛擬,0
1234,1234,虛擬,0
1235,1235,虛擬,0
1236,1236,虛擬,0
1237,1237,虛擬,0
1238,1238,虛擬,0
1239,1239,虛擬,0
1240,1240,虛擬,0
1241,1241,和裔奧對話,0
1242,1242,和玫蒂亞對話,0
1243,1243,在恪爾立外面和煞尼克對話,0
1244,1244,和玫蒂亞對話,0
1245,1245,和諾艾爾對話,0
1246,1246,和TT對話,0
1247,1247,和娜琳對話,0
1248,1248,和娜琳對話,0
1249,1249,和拉娜夏對話,0
1250,1250,和拉格雷特對話,0
1251,1251,克諾索斯街道入口,0
1252,1252,和戴娜對話,0
1253,1253,和玫蒂亞對話,0
1254,1254,和娜琳對話,0
1255,1255,和娜琳對話,0
1256,1256,和娜琳對話,0
1257,1257,和裔奧對話,0
1258,1258,底波拉雪原閒寂之處,0
1259,1259,,0
1260,1260,,0
1261,1261,,0
1262,1262,,0
1263,1263,,0
1264,1264,,0
1265,1265,,0
1266,1266,,0
1267,1267,,0
1268,1268,,0
1269,1269,,0
1270,1270,,0
1271,1271,,0
1272,1272,,0
1273,1273,,0
1274,1274,,0
1275,1275,,0
1276,1276,,0
1277,1277,,0
1278,1278,,0
1279,1279,,0
1280,1280,,0
1281,1281,,0
1282,1282,,0
1283,1283,,0
1284,1284,,0
1285,1285,,0
1286,1286,,0
1287,1287,,0
1288,1288,,0
1289,1289,,0
1290,1290,,0
1291,1291,,0
1292,1292,,0
1293,1293,,0
1294,1294,,0
1295,1295,,0
1296,1296,,0
1297,1297,,0
1298,1298,,0
1299,1299,,0
1300,1300,,0
1301,1301,,0
1302,1302,,0
1303,1303,,0
1304,1304,,0
1305,1305,,0
1306,1306,,0
1307,1307,,0
1308,1308,,0
1309,1309,,0
1310,1310,,0
1311,1311,,0
1312,1312,,0
1313,1313,,0
1314,1314,,0
1315,1315,,0
1316,1316,,0
1317,1317,,0
1318,1318,,0
1319,1319,,0
1320,1320,,0
1321,1321,,0
1322,1322,,0
1323,1323,,0
1324,1324,,0
1325,1325,,0
1326,1326,,0
1327,1327,,0
1328,1328,,0
1329,1329,,0
1330,1330,,0
1331,1331,,0
1332,1332,,0
1333,1333,,0
1334,1334,,0
1335,1335,,0
1336,1336,,0
1337,1337,,0
1338,1338,,0
1339,1339,,0
1340,1340,,0
1341,1341,,0
1342,1342,,0
1343,1343,,0
1344,1344,,0
1345,1345,,0
1346,1346,,0
1347,1347,,0
1348,1348,,0
1349,1349,,0
1350,1350,,0
1351,1351,,0
1352,1352,,0
1353,1353,,0
1354,1354,,0
1355,1355,,0
1356,1356,,0
1357,1357,,0
1358,1358,,0
1359,1359,,0
1360,1360,,0
1361,1361,,0
1362,1362,,0
1363,1363,,0
1364,1364,,0
1365,1365,,0
1366,1366,,0
1367,1367,,0
1368,1368,,0
1369,1369,,0
1370,1370,,0
1371,1371,,0
1372,1372,,0
1373,1373,,0
1374,1374,,0
1375,1375,,0
1376,1376,,0
1377,1377,,0
1378,1378,,0
1379,1379,,0
1380,1380,,0
1381,1381,,0
1382,1382,,0
1383,1383,,0
1384,1384,,0
1385,1385,,0
1386,1386,,0
1387,1387,,0
1388,1388,,0
1389,1389,,0
1390,1390,,0
1391,1391,,0
1392,1392,,0
1393,1393,,0
1394,1394,,0
1395,1395,,0
1396,1396,,0
1397,1397,,0
1398,1398,,0
1399,1399,,0
1400,1400,,0
1401,1401,,0
1402,1402,,0
1403,1403,,0
1404,1404,,0
1405,1405,,0
1406,1406,,0
1407,1407,,0
1408,1408,,0
1409,1409,,0
1410,1410,,0
1411,1411,,0
1412,1412,,0
1413,1413,,0
1414,1414,,0
1415,1415,,0
1416,1416,,0
1417,1417,,0
1418,1418,,0
1419,1419,,0
1420,1420,,0
1421,1421,,0
1422,1422,,0
1423,1423,,0
1424,1424,,0
1425,1425,,0
1426,1426,,0
1427,1427,,0
1428,1428,,0
1429,1429,,0
1430,1430,,0
1431,1431,,0
1432,1432,,0
1433,1433,,0
1434,1434,,0
1435,1435,,0
1436,1436,,0
1437,1437,,0
1438,1438,,0
1439,1439,,0
1440,1440,,0
1441,1441,,0
1442,1442,,0
1443,1443,,0
1444,1444,,0
1445,1445,,0
1446,1446,,0
1447,1447,,0
1448,1448,,0
1449,1449,,0
1450,1450,,0
1451,1451,,0
1452,1452,,0
1453,1453,,0
1454,1454,,0
1455,1455,,0
1456,1456,,0
1457,1457,,0
1458,1458,,0
1459,1459,,0
1460,1460,,0
1461,1461,,0
1462,1462,,0
1463,1463,,0
1464,1464,,0
1465,1465,,0
1466,1466,,0
1467,1467,,0
1468,1468,,0
1469,1469,,0
1470,1470,,0
1471,1471,,0
1472,1472,,0
1473,1473,,0
1474,1474,,0
1475,1475,,0
1476,1476,,0
1477,1477,,0
1478,1478,,0
1479,1479,,0
1480,1480,,0
1481,1481,,0
1482,1482,,0
1483,1483,,0
1484,1484,,0
1485,1485,,0
1486,1486,,0
1487,1487,,0
1488,1488,,0
1489,1489,,0
1490,1490,,0
1491,1491,,0
1492,1492,,0
1493,1493,,0
1494,1494,,0
1495,1495,,0
1496,1496,,0
1497,1497,,0
1498,1498,,0
1499,1499,,0
1500,1500,,0
1501,1501,,0
1502,1502,,0
1503,1503,,0
1504,1504,,0
1505,1505,,0
1506,1506,,0
1507,1507,,0
1508,1508,,0
1509,1509,,0
1510,1510,,0
1511,1511,,0
1512,1512,,0
1513,1513,,0
1514,1514,,0
1515,1515,,0
1516,1516,,0
1517,1517,,0
1518,1518,,0
1519,1519,,0
1520,1520,,0
1521,1521,,0
1522,1522,,0
1523,1523,,0
1524,1524,,0
1525,1525,,0
1526,1526,,0
1527,1527,,0
1528,1528,,0
1529,1529,,0
1530,1530,,0
1531,1531,,0
1532,1532,,0
1533,1533,,0
1534,1534,,0
1535,1535,,0
1536,1536,,0
1537,1537,,0
1538,1538,,0
1539,1539,,0
1540,1540,,0
1541,1541,,0
1542,1542,,0
1543,1543,,0
1544,1544,,0
1545,1545,,0
1546,1546,,0
1547,1547,,0
1548,1548,,0
1549,1549,,0
1550,1550,,0
1551,1551,,0
1552,1552,,0
1553,1553,,0
1554,1554,,0
1555,1555,,0
1556,1556,,0
1557,1557,,0
1558,1558,,0
1559,1559,,0
1560,1560,,0
1561,1561,,0
1562,1562,,0
1563,1563,,0
1564,1564,,0
1565,1565,,0
1566,1566,,0
1567,1567,,0
1568,1568,,0
1569,1569,,0
1570,1570,,0
1571,1571,,0
1572,1572,,0
1573,1573,,0
1574,1574,,0
1575,1575,,0
1576,1576,,0
1577,1577,,0
1578,1578,,0
1579,1579,,0
1580,1580,,0
1581,1581,,0
1582,1582,,0
1583,1583,,0
1584,1584,,0
1585,1585,,0
1586,1586,,0
1587,1587,,0
1588,1588,,0
1589,1589,,0
1590,1590,,0
1591,1591,,0
1592,1592,,0
1593,1593,,0
1594,1594,,0
1595,1595,,0
1596,1596,,0
1597,1597,,0
1598,1598,,0
1599,1599,,0
1600,1600,,0
1601,1601,,0
1602,1602,,0
1603,1603,,0
1604,1604,,0
1605,1605,,0
1606,1606,,0
1607,1607,,0
1608,1608,,0
1609,1609,,0
1610,1610,,0
1611,1611,,0
1612,1612,,0
1613,1613,,0
1614,1614,,0
1615,1615,,0
1616,1616,,0
1617,1617,,0
1618,1618,,0
1619,1619,,0
1620,1620,,0
1621,1621,,0
1622,1622,,0
1623,1623,,0
1624,1624,,0
1625,1625,,0
1626,1626,,0
1627,1627,,0
1628,1628,,0
1629,1629,,0
1630,1630,,0
1631,1631,,0
1632,1632,,0
1633,1633,,0
1634,1634,,0
1635,1635,,0
1636,1636,,0
1637,1637,,0
1638,1638,,0
1639,1639,,0
1640,1640,,0
1641,1641,,0
1642,1642,,0
1643,1643,,0
1644,1644,,0
1645,1645,,0
1646,1646,,0
1647,1647,,0
1648,1648,,0
1649,1649,,0
1650,1650,,0
1651,1651,,0
1652,1652,,0
1653,1653,,0
1654,1654,,0
1655,1655,,0
1656,1656,,0
1657,1657,,0
1658,1658,,0
1659,1659,,0
1660,1660,,0
1661,1661,,0
1662,1662,,0
1663,1663,,0
1664,1664,,0
1665,1665,,0
1666,1666,,0
1667,1667,,0
1668,1668,,0
1669,1669,,0
1670,1670,,0
1671,1671,,0
1672,1672,,0
1673,1673,,0
1674,1674,,0
1675,1675,,0
1676,1676,,0
1677,1677,,0
1678,1678,,0
1679,1679,,0
1680,1680,,0
1681,1681,,0
1682,1682,,0
1683,1683,,0
1684,1684,,0
1685,1685,,0
1686,1686,,0
1687,1687,,0
1688,1688,,0
1689,1689,,0
1690,1690,,0
1691,1691,,0
1692,1692,,0
1693,1693,,0
1694,1694,,0
1695,1695,,0
1696,1696,,0
1697,1697,,0
1698,1698,,0
1699,1699,,0
1700,1700,測試,0
1701,1701,,0
1702,1702,,0
1703,1703,,0
1704,1704,,0
1705,1705,,0
1706,1706,,0
1707,1707,,0
1708,1708,,0
1709,1709,,0
1710,1710,,0
1711,1711,,0
1712,1712,,0
1713,1713,,0
1714,1714,,0
1715,1715,,0
1716,1716,,0
1717,1717,,0
1718,1718,,0
1719,1719,,0
1720,1720,,0
1721,1721,,0
1722,1722,,0
1723,1723,,0
1724,1724,,0
1725,1725,,0
1726,1726,,0
1727,1727,,0
1728,1728,,0
1729,1729,,0
1730,1730,,0
1731,1731,,0
1732,1732,,0
1733,1733,,0
1734,1734,,0
1735,1735,,0
1736,1736,,0
1737,1737,,0
1738,1738,,0
1739,1739,,0
1740,1740,,0
1741,1741,,0
1742,1742,,0
1743,1743,,0
1744,1744,,0
1745,1745,,0
1746,1746,,0
1747,1747,,0
1748,1748,,0
1749,1749,,0
1750,1750,,0
1751,1751,,0
1752,1752,,0
1753,1753,,0
1754,1754,,0
1755,1755,,0
1756,1756,,0
1757,1757,,0
1758,1758,,0
1759,1759,,0
1760,1760,,0
1761,1761,,0
1762,1762,,0
1763,1763,,0
1764,1764,,0
1765,1765,,0
1766,1766,,0
1767,1767,,0
1768,1768,,0
1769,1769,,0
1770,1770,,0
1771,1771,,0
1772,1772,,0
1773,1773,,0
1774,1774,,0
1775,1775,,0
1776,1776,,0
1777,1777,,0
1778,1778,,0
1779,1779,,0
1780,1780,,0
1781,1781,,0
1782,1782,,0
1783,1783,,0
1784,1784,,0
1785,1785,,0
1786,1786,,0
1787,1787,,0
1788,1788,,0
1789,1789,,0
1790,1790,,0
1791,1791,,0
1792,1792,,0
1793,1793,,0
1794,1794,,0
1795,1795,,0
1796,1796,,0
1797,1797,,0
1798,1798,,0
1799,1799,,0
1800,1800,,0
1801,1801,,0
1802,1802,,0
1803,1803,,0
1804,1804,,0
1805,1805,,0
1806,1806,,0
1807,1807,,0
1808,1808,,0
1809,1809,,0
1810,1810,,0
1811,1811,,0
1812,1812,,0
1813,1813,,0
1814,1814,,0
1815,1815,,0
1816,1816,,0
1817,1817,,0
1818,1818,,0
1819,1819,,0
1820,1820,,0
1821,1821,,0
1822,1822,,0
1823,1823,,0
1824,1824,,0
1825,1825,,0
1826,1826,,0
1827,1827,,0
1828,1828,,0
1829,1829,,0
1830,1830,,0
1831,1831,,0
1832,1832,,0
1833,1833,,0
1834,1834,,0
1835,1835,,0
1836,1836,,0
1837,1837,,0
1838,1838,,0
1839,1839,,0
1840,1840,,0
1841,1841,,0
1842,1842,,0
1843,1843,,0
1844,1844,,0
1845,1845,,0
1846,1846,,0
1847,1847,,0
1848,1848,,0
1849,1849,,0
1850,1850,,0
1851,1851,,0
1852,1852,,0
1853,1853,,0
1854,1854,,0
1855,1855,,0
1856,1856,,0
1857,1857,,0
1858,1858,,0
1859,1859,,0
1860,1860,,0
1861,1861,,0
1862,1862,,0
1863,1863,,0
1864,1864,,0
1865,1865,,0
1866,1866,,0
1867,1867,,0
1868,1868,,0
1869,1869,,0
1870,1870,,0
1871,1871,,0
1872,1872,,0
1873,1873,,0
1874,1874,,0
1875,1875,,0
1876,1876,,0
1877,1877,,0
1878,1878,,0
1879,1879,,0
1880,1880,,0
1881,1881,,0
1882,1882,,0
1883,1883,,0
1884,1884,,0
1885,1885,,0
1886,1886,,0
1887,1887,,0
1888,1888,,0
1889,1889,,0
1890,1890,,0
1891,1891,,0
1892,1892,,0
1893,1893,,0
1894,1894,,0
1895,1895,,0
1896,1896,,0
1897,1897,,0
1898,1898,,0
1899,1899,,0
1900,1900,,0
1901,1901,,0
1902,1902,,0
1903,1903,,0
1904,1904,,0
1905,1905,,0
1906,1906,,0
1907,1907,,0
1908,1908,,0
1909,1909,,0
1910,1910,,0
1911,1911,,0
1912,1912,,0
1913,1913,,0
1914,1914,,0
1915,1915,,0
1916,1916,,0
1917,1917,,0
1918,1918,,0
1919,1919,,0
1920,1920,,0
1921,1921,,0
1922,1922,,0
1923,1923,,0
1924,1924,,0
1925,1925,,0
1926,1926,,0
1927,1927,,0
1928,1928,,0
1929,1929,,0
1930,1930,,0
1931,1931,,0
1932,1932,,0
1933,1933,,0
1934,1934,,0
1935,1935,,0
1936,1936,,0
1937,1937,,0
1938,1938,,0
1939,1939,,0
1940,1940,,0
1941,1941,,0
1942,1942,,0
1943,1943,,0
1944,1944,,0
1945,1945,,0
1946,1946,,0
1947,1947,,0
1948,1948,,0
1949,1949,,0
1950,1950,,0
1951,1951,,0
1952,1952,,0
1953,1953,,0
1954,1954,,0
1955,1955,,0
1956,1956,,0
1957,1957,,0
1958,1958,,0
1959,1959,,0
1960,1960,,0
1961,1961,,0
1962,1962,,0
1963,1963,,0
1964,1964,,0
1965,1965,,0
1966,1966,,0
1967,1967,,0
1968,1968,,0
1969,1969,,0
1970,1970,,0
1971,1971,,0
1972,1972,,0
1973,1973,,0
1974,1974,,0
1975,1975,,0
1976,1976,,0
1977,1977,,0
1978,1978,,0
1979,1979,,0
1980,1980,,0
1981,1981,,0
1982,1982,,0
1983,1983,,0
1984,1984,,0
1985,1985,,0
1986,1986,,0
1987,1987,,0
1988,1988,,0
1989,1989,,0
1990,1990,,0
1991,1991,,0
1992,1992,,0
1993,1993,,0
1994,1994,,0
1995,1995,,0
1996,1996,,0
1997,1997,,0
1998,1998,,0
1999,1999,,0
2000,2000,,0
2001,2001,,0
2002,2002,,0
2003,2003,,0
2004,2004,,0
2005,2005,,0
2006,2006,,0
2007,2007,,0
2008,2008,,0
2009,2009,,0
2010,2010,,0
2011,2011,,0
2012,2012,,0
2013,2013,,0
2014,2014,,0
2015,2015,,0
2016,2016,,0
2017,2017,,0
2018,2018,,0
2019,2019,,0
2020,2020,,0
2021,2021,,0
2022,2022,,0
2023,2023,,0
2024,2024,,0
2025,2025,,0
2026,2026,,0
2027,2027,,0
2028,2028,,0
2029,2029,,0
2030,2030,,0
2031,2031,,0
2032,2032,,0
2033,2033,,0
2034,2034,,0
2035,2035,,0
2036,2036,,0
2037,2037,,0
2038,2038,,0
2039,2039,,0
2040,2040,,0
2041,2041,,0
2042,2042,,0
2043,2043,,0
2044,2044,,0
2045,2045,,0
2046,2046,,0
2047,2047,,0
2048,2048,測試,0
