ID,_Type,_Name,_Image,_Disable_Left,_Disable_Top,_Disable_Right,_Disable_Bottom,_Enable_Left,_Enable_Top,_Enable_Right,_Enable_Bottom,_MouseOver_Left,_MouseOver_Top,_MouseOver_Right,_MouseOver_Bottom,_Click_Left,_Click_Top,_Click_Right,_Click_Bottom,_Select_Left,_Select_Top,_Select_Right,_Select_Bottom,_PullDown_Enable_Left,_PullDown_Enable_Top,_PullDown_Enable_Right,_PullDown_Enable_Bottom,_PullDown_MouseOver_Left,_PullDown_MouseOver_Top,_PullDown_MouseOver_Right,_PullDown_MouseOver_Bottom,_PullDown_Click_Left,_PullDown_Click_Top,_PullDown_Click_Right,_PullDown_Click_Bottom,_PullDown_Select_Left,_PullDown_Select_Top,_PullDown_Select_Right,_PullDown_Select_Bottom,_Disable_Red,_Disable_Green,_Disable_Blue,_Enable_Red,_Enable_Green,_Enable_Blue,_MouseOver_Red,_MouseOver_Green,_MouseOver_Blue,_Click_Red,_Click_Green,_Click_Blue,_Select_Red,_Select_Green,_Select_Blue,_PullDown_Enable_Red,_PullDown_Enable_Green,_PullDown_Enable_Blue,_PullDown_MouseOver_Red,_PullDown_MouseOver_Green,_PullDown_MouseOver_Blue,_PullDown_Click_Red,_PullDown_Click_Green,_PullDown_Click_Blue,_PullDown_Select_Red,_PullDown_Select_Green,_PullDown_Select_Blue,_Bold,_Horizontal_Align,_Vertical_Align,_Left_Margin
100,1,蛔晝 ル衛,DATA/INTERFACE/CONCEPT/UI_Object_004.png,87,320,259,338,87,282,259,300,87,282,259,300,87,301,259,319,87,301,259,319,87,301,259,319,87,301,259,319,87,282,259,300,87,282,259,300,130,130,130,31,50,75,77,144,189,31,50,75,31,50,75,31,50,75,77,144,189,31,50,75,31,50,75,1,1,2,23
110,2,蛔晝 ル衛,DATA/INTERFACE/CONCEPT/UI_Object_004.png,87,358,259,376,87,339,259,357,87,377,259,395,87,396,259,414,87,396,259,414,0,0,0,0,0,0,0,0,0,0,0,0,0,0,0,0,130,130,130,31,50,75,77,144,189,31,50,75,31,50,75,31,50,75,77,144,189,31,50,75,31,50,75,0,1,2,23
200,1,晦蟾 雖衝,DATA/INTERFACE/CONCEPT/UI_Object_004.png,87,320,259,338,87,282,259,300,87,282,259,300,87,301,259,319,87,301,259,319,87,301,259,319,87,301,259,319,87,282,259,300,87,282,259,300,130,130,130,31,50,75,77,144,189,31,50,75,31,50,75,31,50,75,77,144,189,31,50,75,31,50,75,1,1,2,23
210,2,"鼻ж謝辦 檜翕,嗨晦",DATA/INTERFACE/CONCEPT/UI_Object_004.png,87,358,259,376,87,339,259,357,87,377,259,395,87,396,259,414,87,396,259,414,0,0,0,0,0,0,0,0,0,0,0,0,0,0,0,0,130,130,130,31,50,75,77,144,189,31,50,75,31,50,75,31,50,75,77,144,189,31,50,75,31,50,75,0,1,2,23
220,2,"薄Щ,導晦,鄹晦",DATA/INTERFACE/CONCEPT/UI_Object_004.png,87,358,259,376,87,339,259,357,87,377,259,395,87,396,259,414,87,396,259,414,0,0,0,0,0,0,0,0,0,0,0,0,0,0,0,0,130,130,130,31,50,75,77,144,189,31,50,75,31,50,75,31,50,75,77,144,189,31,50,75,31,50,75,0,1,2,23
230,2,"擒奢問,鬼奢問",DATA/INTERFACE/CONCEPT/UI_Object_004.png,87,358,259,376,87,339,259,357,87,377,259,395,87,396,259,414,87,396,259,414,0,0,0,0,0,0,0,0,0,0,0,0,0,0,0,0,130,130,130,31,50,75,77,144,189,31,50,75,31,50,75,31,50,75,77,144,189,31,50,75,31,50,75,0,1,2,23
240,2,晦獄 欽蹴酈,DATA/INTERFACE/CONCEPT/UI_Object_004.png,87,358,259,376,87,339,259,357,87,377,259,395,87,396,259,414,87,396,259,414,0,0,0,0,0,0,0,0,0,0,0,0,0,0,0,0,130,130,130,31,50,75,77,144,189,31,50,75,31,50,75,31,50,75,77,144,189,31,50,75,31,50,75,0,1,2,23
250,2,襬蝸煜 蛔煙徹,DATA/INTERFACE/CONCEPT/UI_Object_004.png,87,358,259,376,87,339,259,357,87,377,259,395,87,396,259,414,87,396,259,414,0,0,0,0,0,0,0,0,0,0,0,0,0,0,0,0,130,130,130,31,50,75,77,144,189,31,50,75,31,50,75,31,50,75,77,144,189,31,50,75,31,50,75,0,1,2,23
260,2,鼻鷓璽,DATA/INTERFACE/CONCEPT/UI_Object_004.png,87,358,259,376,87,339,259,357,87,377,259,395,87,396,259,414,87,396,259,414,0,0,0,0,0,0,0,0,0,0,0,0,0,0,0,0,130,130,130,31,50,75,77,144,189,31,50,75,31,50,75,31,50,75,77,144,189,31,50,75,31,50,75,0,1,2,23
270,2,嬴檜蠱璽,DATA/INTERFACE/CONCEPT/UI_Object_004.png,87,358,259,376,87,339,259,357,87,377,259,395,87,396,259,414,87,396,259,414,0,0,0,0,0,0,0,0,0,0,0,0,0,0,0,0,130,130,130,31,50,75,77,144,189,31,50,75,31,50,75,31,50,75,77,144,189,31,50,75,31,50,75,0,1,2,23
280,2,濰綠璽,DATA/INTERFACE/CONCEPT/UI_Object_004.png,87,358,259,376,87,339,259,357,87,377,259,395,87,396,259,414,87,396,259,414,0,0,0,0,0,0,0,0,0,0,0,0,0,0,0,0,130,130,130,31,50,75,77,144,189,31,50,75,31,50,75,31,50,75,77,144,189,31,50,75,31,50,75,0,1,2,23
290,2,鼻渠 薑爾 爾晦,DATA/INTERFACE/CONCEPT/UI_Object_004.png,87,358,259,376,87,339,259,357,87,377,259,395,87,396,259,414,87,396,259,414,0,0,0,0,0,0,0,0,0,0,0,0,0,0,0,0,130,130,130,31,50,75,77,144,189,31,50,75,31,50,75,31,50,75,77,144,189,31,50,75,31,50,75,0,1,2,23
300,1,謙猿璽,DATA/INTERFACE/CONCEPT/UI_Object_004.png,87,320,259,338,87,282,259,300,87,282,259,300,87,301,259,319,87,301,259,319,87,301,259,319,87,301,259,319,87,282,259,300,87,282,259,300,130,130,130,31,50,75,77,144,189,31,50,75,31,50,75,31,50,75,77,144,189,31,50,75,31,50,75,1,1,2,23
310,2,謙猿璽,DATA/INTERFACE/CONCEPT/UI_Object_004.png,87,358,259,376,87,339,259,357,87,377,259,395,87,396,259,414,87,396,259,414,0,0,0,0,0,0,0,0,0,0,0,0,0,0,0,0,130,130,130,31,50,75,77,144,189,31,50,75,31,50,75,31,50,75,77,144,189,31,50,75,31,50,75,0,1,2,23
320,2,瓣割滲唳,DATA/INTERFACE/CONCEPT/UI_Object_004.png,87,358,259,376,87,339,259,357,87,377,259,395,87,396,259,414,87,396,259,414,0,0,0,0,0,0,0,0,0,0,0,0,0,0,0,0,130,130,130,31,50,75,77,144,189,31,50,75,31,50,75,31,50,75,77,144,189,31,50,75,31,50,75,0,1,2,23
330,2,議葛攪 摹鷗,DATA/INTERFACE/CONCEPT/UI_Object_004.png,87,358,259,376,87,339,259,357,87,377,259,395,87,396,259,414,87,396,259,414,0,0,0,0,0,0,0,0,0,0,0,0,0,0,0,0,130,130,130,31,50,75,77,144,189,31,50,75,31,50,75,31,50,75,77,144,189,31,50,75,31,50,75,0,1,2,23
400,1,褫暮,DATA/INTERFACE/CONCEPT/UI_Object_004.png,87,320,259,338,87,282,259,300,87,282,259,300,87,301,259,319,87,301,259,319,87,301,259,319,87,301,259,319,87,282,259,300,87,282,259,300,130,130,130,31,50,75,77,144,189,31,50,75,31,50,75,31,50,75,77,144,189,31,50,75,31,50,75,1,1,2,23
410,2,褫暮璽,DATA/INTERFACE/CONCEPT/UI_Object_004.png,87,358,259,376,87,339,259,357,87,377,259,395,87,396,259,414,87,396,259,414,0,0,0,0,0,0,0,0,0,0,0,0,0,0,0,0,130,130,130,31,50,75,77,144,189,31,50,75,31,50,75,31,50,75,77,144,189,31,50,75,31,50,75,0,1,2,23
420,2,欽蹴酈 撲薑,DATA/INTERFACE/CONCEPT/UI_Object_004.png,87,358,259,376,87,339,259,357,87,377,259,395,87,396,259,414,87,396,259,414,0,0,0,0,0,0,0,0,0,0,0,0,0,0,0,0,130,130,130,31,50,75,77,144,189,31,50,75,31,50,75,31,50,75,77,144,189,31,50,75,31,50,75,0,1,2,23
500,1,裘爾晦,DATA/INTERFACE/CONCEPT/UI_Object_004.png,87,320,259,338,87,282,259,300,87,282,259,300,87,301,259,319,87,301,259,319,87,301,259,319,87,301,259,319,87,282,259,300,87,282,259,300,130,130,130,31,50,75,77,144,189,31,50,75,31,50,75,31,50,75,77,144,189,31,50,75,31,50,75,1,1,2,23
510,2,ん驍 檜辨ж晦,DATA/INTERFACE/CONCEPT/UI_Object_004.png,87,358,259,376,87,339,259,357,87,377,259,395,87,396,259,414,87,396,259,414,0,0,0,0,0,0,0,0,0,0,0,0,0,0,0,0,130,130,130,31,50,75,77,144,189,31,50,75,31,50,75,31,50,75,77,144,189,31,50,75,31,50,75,0,1,2,23
520,2,錯萄裘 翮晦,DATA/INTERFACE/CONCEPT/UI_Object_004.png,87,358,259,376,87,339,259,357,87,377,259,395,87,396,259,414,87,396,259,414,0,0,0,0,0,0,0,0,0,0,0,0,0,0,0,0,130,130,130,31,50,75,77,144,189,31,50,75,31,50,75,31,50,75,77,144,189,31,50,75,31,50,75,0,1,2,23
530,2,錯萄裘 薑爾,DATA/INTERFACE/CONCEPT/UI_Object_004.png,87,358,259,376,87,339,259,357,87,377,259,395,87,396,259,414,87,396,259,414,0,0,0,0,0,0,0,0,0,0,0,0,0,0,0,0,130,130,130,31,50,75,77,144,189,31,50,75,31,50,75,31,50,75,77,144,189,31,50,75,31,50,75,0,1,2,23
540,2,撮睡裘 翮晦,DATA/INTERFACE/CONCEPT/UI_Object_004.png,87,358,259,376,87,339,259,357,87,377,259,395,87,396,259,414,87,396,259,414,0,0,0,0,0,0,0,0,0,0,0,0,0,0,0,0,130,130,130,31,50,75,77,144,189,31,50,75,31,50,75,31,50,75,77,144,189,31,50,75,31,50,75,0,1,2,23
550,2,撮睡裘 薑爾,DATA/INTERFACE/CONCEPT/UI_Object_004.png,87,358,259,376,87,339,259,357,87,377,259,395,87,396,259,414,87,396,259,414,0,0,0,0,0,0,0,0,0,0,0,0,0,0,0,0,130,130,130,31,50,75,77,144,189,31,50,75,31,50,75,31,50,75,77,144,189,31,50,75,31,50,75,0,1,2,23
560,2,錯萄裘&撮睡裘 嘐棲幗瞪,DATA/INTERFACE/CONCEPT/UI_Object_004.png,87,358,259,376,87,339,259,357,87,377,259,395,87,396,259,414,87,396,259,414,0,0,0,0,0,0,0,0,0,0,0,0,0,0,0,0,130,130,130,31,50,75,77,144,189,31,50,75,31,50,75,31,50,75,77,144,189,31,50,75,31,50,75,0,1,2,23
570,2,嘐棲裘,DATA/INTERFACE/CONCEPT/UI_Object_004.png,87,358,259,376,87,339,259,357,87,377,259,395,87,396,259,414,87,396,259,414,0,0,0,0,0,0,0,0,0,0,0,0,0,0,0,0,130,130,130,31,50,75,77,144,189,31,50,75,31,50,75,31,50,75,77,144,189,31,50,75,31,50,75,0,1,2,23
600,1,蠡蝶お,DATA/INTERFACE/CONCEPT/UI_Object_004.png,87,320,259,338,87,282,259,300,87,282,259,300,87,301,259,319,87,301,259,319,87,301,259,319,87,301,259,319,87,282,259,300,87,282,259,300,130,130,130,31,50,75,77,144,189,31,50,75,31,50,75,31,50,75,77,144,189,31,50,75,31,50,75,1,1,2,23
610,2,蠡蝶お 嫡晦,DATA/INTERFACE/CONCEPT/UI_Object_004.png,87,358,259,376,87,339,259,357,87,377,259,395,87,396,259,414,87,396,259,414,0,0,0,0,0,0,0,0,0,0,0,0,0,0,0,0,130,130,130,31,50,75,77,144,189,31,50,75,31,50,75,31,50,75,77,144,189,31,50,75,31,50,75,0,1,2,23
620,2,蠡蝶お 諫猿ж晦,DATA/INTERFACE/CONCEPT/UI_Object_004.png,87,358,259,376,87,339,259,357,87,377,259,395,87,396,259,414,87,396,259,414,0,0,0,0,0,0,0,0,0,0,0,0,0,0,0,0,130,130,130,31,50,75,77,144,189,31,50,75,31,50,75,31,50,75,77,144,189,31,50,75,31,50,75,0,1,2,23
630,2,蠡蝶お 跡煙,DATA/INTERFACE/CONCEPT/UI_Object_004.png,87,358,259,376,87,339,259,357,87,377,259,395,87,396,259,414,87,396,259,414,0,0,0,0,0,0,0,0,0,0,0,0,0,0,0,0,130,130,130,31,50,75,77,144,189,31,50,75,31,50,75,31,50,75,77,144,189,31,50,75,31,50,75,0,1,2,23
640,2,蠡蝶お 憲葡璽,DATA/INTERFACE/CONCEPT/UI_Object_004.png,87,358,259,376,87,339,259,357,87,377,259,395,87,396,259,414,87,396,259,414,0,0,0,0,0,0,0,0,0,0,0,0,0,0,0,0,130,130,130,31,50,75,77,144,189,31,50,75,31,50,75,31,50,75,77,144,189,31,50,75,31,50,75,0,1,2,23
650,2,蠡蝶お 紫辦嘐,DATA/INTERFACE/CONCEPT/UI_Object_004.png,87,358,259,376,87,339,259,357,87,377,259,395,87,396,259,414,87,396,259,414,0,0,0,0,0,0,0,0,0,0,0,0,0,0,0,0,130,130,130,31,50,75,77,144,189,31,50,75,31,50,75,31,50,75,77,144,189,31,50,75,31,50,75,0,1,2,23
660,2,蠡蝶お 嬪纂 ル衛,DATA/INTERFACE/CONCEPT/UI_Object_004.png,87,358,259,376,87,339,259,357,87,377,259,395,87,396,259,414,87,396,259,414,0,0,0,0,0,0,0,0,0,0,0,0,0,0,0,0,130,130,130,31,50,75,77,144,189,31,50,75,31,50,75,31,50,75,77,144,189,31,50,75,31,50,75,0,1,2,23
670,2,蠡蝶お в攪葭,DATA/INTERFACE/CONCEPT/UI_Object_004.png,87,358,259,376,87,339,259,357,87,377,259,395,87,396,259,414,87,396,259,414,0,0,0,0,0,0,0,0,0,0,0,0,0,0,0,0,130,130,130,31,50,75,77,144,189,31,50,75,31,50,75,31,50,75,77,144,189,31,50,75,31,50,75,0,1,2,23
700,1,蝶鑒,DATA/INTERFACE/CONCEPT/UI_Object_004.png,87,320,259,338,87,282,259,300,87,282,259,300,87,301,259,319,87,301,259,319,87,301,259,319,87,301,259,319,87,282,259,300,87,282,259,300,130,130,130,31,50,75,77,144,189,31,50,75,31,50,75,31,50,75,77,144,189,31,50,75,31,50,75,1,1,2,23
710,2,蝶鑒璽,DATA/INTERFACE/CONCEPT/UI_Object_004.png,87,358,259,376,87,339,259,357,87,377,259,395,87,396,259,414,87,396,259,414,0,0,0,0,0,0,0,0,0,0,0,0,0,0,0,0,130,130,130,31,50,75,77,144,189,31,50,75,31,50,75,31,50,75,77,144,189,31,50,75,31,50,75,0,1,2,23
720,2,蝶鑒 寡辦晦,DATA/INTERFACE/CONCEPT/UI_Object_004.png,87,358,259,376,87,339,259,357,87,377,259,395,87,396,259,414,87,396,259,414,0,0,0,0,0,0,0,0,0,0,0,0,0,0,0,0,130,130,130,31,50,75,77,144,189,31,50,75,31,50,75,31,50,75,77,144,189,31,50,75,31,50,75,0,1,2,23
730,2,蝶鑒 溯漣機,DATA/INTERFACE/CONCEPT/UI_Object_004.png,87,358,259,376,87,339,259,357,87,377,259,395,87,396,259,414,87,396,259,414,0,0,0,0,0,0,0,0,0,0,0,0,0,0,0,0,130,130,130,31,50,75,77,144,189,31,50,75,31,50,75,31,50,75,77,144,189,31,50,75,31,50,75,0,1,2,23
800,1,だじ,DATA/INTERFACE/CONCEPT/UI_Object_004.png,87,320,259,338,87,282,259,300,87,282,259,300,87,301,259,319,87,301,259,319,87,301,259,319,87,301,259,319,87,282,259,300,87,282,259,300,130,130,130,31,50,75,77,144,189,31,50,75,31,50,75,31,50,75,77,144,189,31,50,75,31,50,75,1,1,2,23
810,2,だじ璽,DATA/INTERFACE/CONCEPT/UI_Object_004.png,87,358,259,376,87,339,259,357,87,377,259,395,87,396,259,414,87,396,259,414,0,0,0,0,0,0,0,0,0,0,0,0,0,0,0,0,130,130,130,31,50,75,77,144,189,31,50,75,31,50,75,31,50,75,77,144,189,31,50,75,31,50,75,0,1,2,23
820,2,だじ 憲葡璽,DATA/INTERFACE/CONCEPT/UI_Object_004.png,87,358,259,376,87,339,259,357,87,377,259,395,87,396,259,414,87,396,259,414,0,0,0,0,0,0,0,0,0,0,0,0,0,0,0,0,130,130,130,31,50,75,77,144,189,31,50,75,31,50,75,31,50,75,77,144,189,31,50,75,31,50,75,0,1,2,23
830,2,だじ 蟾渠,DATA/INTERFACE/CONCEPT/UI_Object_004.png,87,358,259,376,87,339,259,357,87,377,259,395,87,396,259,414,87,396,259,414,0,0,0,0,0,0,0,0,0,0,0,0,0,0,0,0,130,130,130,31,50,75,77,144,189,31,50,75,31,50,75,31,50,75,77,144,189,31,50,75,31,50,75,0,1,2,23
840,2,だじ 撲薑,DATA/INTERFACE/CONCEPT/UI_Object_004.png,87,358,259,376,87,339,259,357,87,377,259,395,87,396,259,414,87,396,259,414,0,0,0,0,0,0,0,0,0,0,0,0,0,0,0,0,130,130,130,31,50,75,77,144,189,31,50,75,31,50,75,31,50,75,77,144,189,31,50,75,31,50,75,0,1,2,23
850,2,だじ 驍黴,DATA/INTERFACE/CONCEPT/UI_Object_004.png,87,358,259,376,87,339,259,357,87,377,259,395,87,396,259,414,87,396,259,414,0,0,0,0,0,0,0,0,0,0,0,0,0,0,0,0,130,130,130,31,50,75,77,144,189,31,50,75,31,50,75,31,50,75,77,144,189,31,50,75,31,50,75,0,1,2,23
900,1,だじ 衙蘆,DATA/INTERFACE/CONCEPT/UI_Object_004.png,87,320,259,338,87,282,259,300,87,282,259,300,87,301,259,319,87,301,259,319,87,301,259,319,87,301,259,319,87,282,259,300,87,282,259,300,130,130,130,31,50,75,77,144,189,31,50,75,31,50,75,31,50,75,77,144,189,31,50,75,31,50,75,1,1,2,23
910,2,だじ 衙蘆,DATA/INTERFACE/CONCEPT/UI_Object_004.png,87,358,259,376,87,339,259,357,87,377,259,395,87,396,259,414,87,396,259,414,0,0,0,0,0,0,0,0,0,0,0,0,0,0,0,0,130,130,130,31,50,75,77,144,189,31,50,75,31,50,75,31,50,75,77,144,189,31,50,75,31,50,75,0,1,2,23
920,2,だじ 蛔煙,DATA/INTERFACE/CONCEPT/UI_Object_004.png,87,358,259,376,87,339,259,357,87,377,259,395,87,396,259,414,87,396,259,414,0,0,0,0,0,0,0,0,0,0,0,0,0,0,0,0,130,130,130,31,50,75,77,144,189,31,50,75,31,50,75,31,50,75,77,144,189,31,50,75,31,50,75,0,1,2,23
930,2,だじ 霤罹,DATA/INTERFACE/CONCEPT/UI_Object_004.png,87,358,259,376,87,339,259,357,87,377,259,395,87,396,259,414,87,396,259,414,0,0,0,0,0,0,0,0,0,0,0,0,0,0,0,0,130,130,130,31,50,75,77,144,189,31,50,75,31,50,75,31,50,75,77,144,189,31,50,75,31,50,75,0,1,2,23
1000,1,檣蝶欐蝶 湍瞪,DATA/INTERFACE/CONCEPT/UI_Object_004.png,87,320,259,338,87,282,259,300,87,282,259,300,87,301,259,319,87,301,259,319,87,301,259,319,87,301,259,319,87,282,259,300,87,282,259,300,130,130,130,31,50,75,77,144,189,31,50,75,31,50,75,31,50,75,77,144,189,31,50,75,31,50,75,1,1,2,23
1010,2,檣蝶欐蝶 湍瞪,DATA/INTERFACE/CONCEPT/UI_Object_004.png,87,358,259,376,87,339,259,357,87,377,259,395,87,396,259,414,87,396,259,414,0,0,0,0,0,0,0,0,0,0,0,0,0,0,0,0,130,130,130,31,50,75,77,144,189,31,50,75,31,50,75,31,50,75,77,144,189,31,50,75,31,50,75,0,1,2,23
1020,2,檣蝶欐蝶 湍瞪 �蝦鶬灰�,DATA/INTERFACE/CONCEPT/UI_Object_004.png,87,358,259,376,87,339,259,357,87,377,259,395,87,396,259,414,87,396,259,414,0,0,0,0,0,0,0,0,0,0,0,0,0,0,0,0,130,130,130,31,50,75,77,144,189,31,50,75,31,50,75,31,50,75,77,144,189,31,50,75,31,50,75,0,1,2,23
1030,2,跨蝶攪 顫錶,DATA/INTERFACE/CONCEPT/UI_Object_004.png,87,358,259,376,87,339,259,357,87,377,259,395,87,396,259,414,87,396,259,414,0,0,0,0,0,0,0,0,0,0,0,0,0,0,0,0,130,130,130,31,50,75,77,144,189,31,50,75,31,50,75,31,50,75,77,144,189,31,50,75,31,50,75,0,1,2,23
1040,2,跨蝶攪 顫錶殮濰,DATA/INTERFACE/CONCEPT/UI_Object_004.png,87,358,259,376,87,339,259,357,87,377,259,395,87,396,259,414,87,396,259,414,0,0,0,0,0,0,0,0,0,0,0,0,0,0,0,0,130,130,130,31,50,75,77,144,189,31,50,75,31,50,75,31,50,75,77,144,189,31,50,75,31,50,75,0,1,2,23
1050,2,屬煎撮遺,DATA/INTERFACE/CONCEPT/UI_Object_004.png,87,358,259,376,87,339,259,357,87,377,259,395,87,396,259,414,87,396,259,414,0,0,0,0,0,0,0,0,0,0,0,0,0,0,0,0,130,130,130,31,50,75,77,144,189,31,50,75,31,50,75,31,50,75,77,144,189,31,50,75,31,50,75,0,1,2,23
1060,2,屬煎撮遺 濰綠,DATA/INTERFACE/CONCEPT/UI_Object_004.png,87,358,259,376,87,339,259,357,87,377,259,395,87,396,259,414,87,396,259,414,0,0,0,0,0,0,0,0,0,0,0,0,0,0,0,0,130,130,130,31,50,75,77,144,189,31,50,75,31,50,75,31,50,75,77,144,189,31,50,75,31,50,75,0,1,2,23
1070,2,屬煎撮遺 陪檜紫,DATA/INTERFACE/CONCEPT/UI_Object_004.png,87,358,259,376,87,339,259,357,87,377,259,395,87,396,259,414,87,396,259,414,0,0,0,0,0,0,0,0,0,0,0,0,0,0,0,0,130,130,130,31,50,75,77,144,189,31,50,75,31,50,75,31,50,75,77,144,189,31,50,75,31,50,75,0,1,2,23
1080,2,顫歜橫鷗檣蝶欐蝶湍瞪,DATA/INTERFACE/CONCEPT/UI_Object_004.png,87,358,259,376,87,339,259,357,87,377,259,395,87,396,259,414,87,396,259,414,0,0,0,0,0,0,0,0,0,0,0,0,0,0,0,0,130,130,130,31,50,75,77,144,189,31,50,75,31,50,75,31,50,75,77,144,189,31,50,75,31,50,75,0,1,2,23
1090,2,顫歜橫鷗檣蝶欐蝶湍瞪衛濛,DATA/INTERFACE/CONCEPT/UI_Object_004.png,87,358,259,376,87,339,259,357,87,377,259,395,87,396,259,414,87,396,259,414,0,0,0,0,0,0,0,0,0,0,0,0,0,0,0,0,130,130,130,31,50,75,77,144,189,31,50,75,31,50,75,31,50,75,77,144,189,31,50,75,31,50,75,0,1,2,23
1100,1,瞪霜,DATA/INTERFACE/CONCEPT/UI_Object_004.png,87,320,259,338,87,282,259,300,87,282,259,300,87,301,259,319,87,301,259,319,87,301,259,319,87,301,259,319,87,282,259,300,87,282,259,300,130,130,130,31,50,75,77,144,189,31,50,75,31,50,75,31,50,75,77,144,189,31,50,75,31,50,75,1,1,2,23
1110,2,1離瞪霜,DATA/INTERFACE/CONCEPT/UI_Object_004.png,87,358,259,376,87,339,259,357,87,377,259,395,87,396,259,414,87,396,259,414,0,0,0,0,0,0,0,0,0,0,0,0,0,0,0,0,130,130,130,31,50,75,77,144,189,31,50,75,31,50,75,31,50,75,77,144,189,31,50,75,31,50,75,0,1,2,23
1120,2,霜機滌 1離 瞪霜 霜機,DATA/INTERFACE/CONCEPT/UI_Object_004.png,87,358,259,376,87,339,259,357,87,377,259,395,87,396,259,414,87,396,259,414,0,0,0,0,0,0,0,0,0,0,0,0,0,0,0,0,130,130,130,31,50,75,77,144,189,31,50,75,31,50,75,31,50,75,77,144,189,31,50,75,31,50,75,0,1,2,23
1130,2,2離瞪霜,DATA/INTERFACE/CONCEPT/UI_Object_004.png,87,358,259,376,87,339,259,357,87,377,259,395,87,396,259,414,87,396,259,414,0,0,0,0,0,0,0,0,0,0,0,0,0,0,0,0,130,130,130,31,50,75,77,144,189,31,50,75,31,50,75,31,50,75,77,144,189,31,50,75,31,50,75,0,1,2,23
1140,2,霜機滌 2離 瞪霜 霜機,DATA/INTERFACE/CONCEPT/UI_Object_004.png,87,358,259,376,87,339,259,357,87,377,259,395,87,396,259,414,87,396,259,414,0,0,0,0,0,0,0,0,0,0,0,0,0,0,0,0,130,130,130,31,50,75,77,144,189,31,50,75,31,50,75,31,50,75,77,144,189,31,50,75,31,50,75,0,1,2,23
1150,2,瞪霜 輿曖餌о,DATA/INTERFACE/CONCEPT/UI_Object_004.png,87,358,259,376,87,339,259,357,87,377,259,395,87,396,259,414,87,396,259,414,0,0,0,0,0,0,0,0,0,0,0,0,0,0,0,0,130,130,130,31,50,75,77,144,189,31,50,75,31,50,75,31,50,75,77,144,189,31,50,75,31,50,75,0,1,2,23
1200,1,嬪纂盪濰 塽 檜翕,DATA/INTERFACE/CONCEPT/UI_Object_004.png,87,320,259,338,87,282,259,300,87,282,259,300,87,301,259,319,87,301,259,319,87,301,259,319,87,301,259,319,87,282,259,300,87,282,259,300,130,130,130,31,50,75,77,144,189,31,50,75,31,50,75,31,50,75,77,144,189,31,50,75,31,50,75,1,1,2,23
1210,2,"檜葬蝶 戮鱉,敝�素� 綠戮",DATA/INTERFACE/CONCEPT/UI_Object_004.png,87,358,259,376,87,339,259,357,87,377,259,395,87,396,259,414,87,396,259,414,0,0,0,0,0,0,0,0,0,0,0,0,0,0,0,0,130,130,130,31,50,75,77,144,189,31,50,75,31,50,75,31,50,75,77,144,189,31,50,75,31,50,75,0,1,2,23
1220,2,"綠戮,戮鱉 盪濰ж晦",DATA/INTERFACE/CONCEPT/UI_Object_004.png,87,358,259,376,87,339,259,357,87,377,259,395,87,396,259,414,87,396,259,414,0,0,0,0,0,0,0,0,0,0,0,0,0,0,0,0,130,130,130,31,50,75,77,144,189,31,50,75,31,50,75,31,50,75,77,144,189,31,50,75,31,50,75,0,1,2,23
1230,2,睡�偯撘� 摹鷗ж晦,DATA/INTERFACE/CONCEPT/UI_Object_004.png,87,358,259,376,87,339,259,357,87,377,259,395,87,396,259,414,87,396,259,414,0,0,0,0,0,0,0,0,0,0,0,0,0,0,0,0,130,130,130,31,50,75,77,144,189,31,50,75,31,50,75,31,50,75,77,144,189,31,50,75,31,50,75,0,1,2,23
1240,2,緒腦啪 檜翕ж晦,DATA/INTERFACE/CONCEPT/UI_Object_004.png,87,358,259,376,87,339,259,357,87,377,259,395,87,396,259,414,87,396,259,414,0,0,0,0,0,0,0,0,0,0,0,0,0,0,0,0,130,130,130,31,50,75,77,144,189,31,50,75,31,50,75,31,50,75,77,144,189,31,50,75,31,50,75,0,1,2,23
1250,2,顫遴ん驍,DATA/INTERFACE/CONCEPT/UI_Object_004.png,87,358,259,376,87,339,259,357,87,377,259,395,87,396,259,414,87,396,259,414,0,0,0,0,0,0,0,0,0,0,0,0,0,0,0,0,130,130,130,31,50,75,77,144,189,31,50,75,31,50,75,31,50,75,77,144,189,31,50,75,31,50,75,0,1,2,23
1300,1,璽堅,DATA/INTERFACE/CONCEPT/UI_Object_004.png,87,320,259,338,87,282,259,300,87,282,259,300,87,301,259,319,87,301,259,319,87,301,259,319,87,301,259,319,87,282,259,300,87,282,259,300,130,130,130,31,50,75,77,144,189,31,50,75,31,50,75,31,50,75,77,144,189,31,50,75,31,50,75,1,1,2,23
1310,2,璽堅 奢嶸,DATA/INTERFACE/CONCEPT/UI_Object_004.png,87,358,259,376,87,339,259,357,87,377,259,395,87,396,259,414,87,396,259,414,0,0,0,0,0,0,0,0,0,0,0,0,0,0,0,0,130,130,130,31,50,75,77,144,189,31,50,75,31,50,75,31,50,75,77,144,189,31,50,75,31,50,75,0,1,2,23
1320,2,"僭ヶ 爾婦,瓊晦",DATA/INTERFACE/CONCEPT/UI_Object_004.png,87,358,259,376,87,339,259,357,87,377,259,395,87,396,259,414,87,396,259,414,0,0,0,0,0,0,0,0,0,0,0,0,0,0,0,0,130,130,130,31,50,75,77,144,189,31,50,75,31,50,75,31,50,75,77,144,189,31,50,75,31,50,75,0,1,2,23
1400,1,辦羹鱔,DATA/INTERFACE/CONCEPT/UI_Object_004.png,87,320,259,338,87,282,259,300,87,282,259,300,87,301,259,319,87,301,259,319,87,301,259,319,87,301,259,319,87,282,259,300,87,282,259,300,130,130,130,31,50,75,77,144,189,31,50,75,31,50,75,31,50,75,77,144,189,31,50,75,31,50,75,1,1,2,23
1410,2,辦ら葬蝶お,DATA/INTERFACE/CONCEPT/UI_Object_004.png,87,358,259,376,87,339,259,357,87,377,259,395,87,396,259,414,87,396,259,414,0,0,0,0,0,0,0,0,0,0,0,0,0,0,0,0,130,130,130,31,50,75,77,144,189,31,50,75,31,50,75,31,50,75,77,144,189,31,50,75,31,50,75,0,1,2,23
1420,2,辦ら瞪歎,DATA/INTERFACE/CONCEPT/UI_Object_004.png,87,358,259,376,87,339,259,357,87,377,259,395,87,396,259,414,87,396,259,414,0,0,0,0,0,0,0,0,0,0,0,0,0,0,0,0,130,130,130,31,50,75,77,144,189,31,50,75,31,50,75,31,50,75,77,144,189,31,50,75,31,50,75,0,1,2,23
1430,2,望萄 辦ら,DATA/INTERFACE/CONCEPT/UI_Object_004.png,87,358,259,376,87,339,259,357,87,377,259,395,87,396,259,414,87,396,259,414,0,0,0,0,0,0,0,0,0,0,0,0,0,0,0,0,130,130,130,31,50,75,77,144,189,31,50,75,31,50,75,31,50,75,77,144,189,31,50,75,31,50,75,0,1,2,23
1440,2,爾魚 辦ら,DATA/INTERFACE/CONCEPT/UI_Object_004.png,87,358,259,376,87,339,259,357,87,377,259,395,87,396,259,414,87,396,259,414,0,0,0,0,0,0,0,0,0,0,0,0,0,0,0,0,130,130,130,31,50,75,77,144,189,31,50,75,31,50,75,31,50,75,77,144,189,31,50,75,31,50,75,0,1,2,23
1500,1,剪楚,DATA/INTERFACE/CONCEPT/UI_Object_004.png,87,320,259,338,87,282,259,300,87,282,259,300,87,301,259,319,87,301,259,319,87,301,259,319,87,301,259,319,87,282,259,300,87,282,259,300,130,130,130,31,50,75,77,144,189,31,50,75,31,50,75,31,50,75,77,144,189,31,50,75,31,50,75,1,1,2,23
1510,2,嶸盪除 剪楚,DATA/INTERFACE/CONCEPT/UI_Object_004.png,87,358,259,376,87,339,259,357,87,377,259,395,87,396,259,414,87,396,259,414,0,0,0,0,0,0,0,0,0,0,0,0,0,0,0,0,130,130,130,31,50,75,77,144,189,31,50,75,31,50,75,31,50,75,77,144,189,31,50,75,31,50,75,0,1,2,23
1520,2,偃檣鼻薄,DATA/INTERFACE/CONCEPT/UI_Object_004.png,87,358,259,376,87,339,259,357,87,377,259,395,87,396,259,414,87,396,259,414,0,0,0,0,0,0,0,0,0,0,0,0,0,0,0,0,130,130,130,31,50,75,77,144,189,31,50,75,31,50,75,31,50,75,77,144,189,31,50,75,31,50,75,0,1,2,23
1530,2,渠葬鼻薄,DATA/INTERFACE/CONCEPT/UI_Object_004.png,87,358,259,376,87,339,259,357,87,377,259,395,87,396,259,414,87,396,259,414,0,0,0,0,0,0,0,0,0,0,0,0,0,0,0,0,130,130,130,31,50,75,77,144,189,31,50,75,31,50,75,31,50,75,77,144,189,31,50,75,31,50,75,0,1,2,23
1540,2,NPC 僭ヶ 葬蝶お,DATA/INTERFACE/CONCEPT/UI_Object_004.png,87,358,259,376,87,339,259,357,87,377,259,395,87,396,259,414,87,396,259,414,0,0,0,0,0,0,0,0,0,0,0,0,0,0,0,0,130,130,130,31,50,75,77,144,189,31,50,75,31,50,75,31,50,75,77,144,189,31,50,75,31,50,75,0,1,2,23
1550,2,僭勒 餌晦,DATA/INTERFACE/CONCEPT/UI_Object_004.png,87,358,259,376,87,339,259,357,87,377,259,395,87,396,259,414,87,396,259,414,0,0,0,0,0,0,0,0,0,0,0,0,0,0,0,0,130,130,130,31,50,75,77,144,189,31,50,75,31,50,75,31,50,75,77,144,189,31,50,75,31,50,75,0,1,2,23
1560,2,僭勒 つ晦,DATA/INTERFACE/CONCEPT/UI_Object_004.png,87,358,259,376,87,339,259,357,87,377,259,395,87,396,259,414,87,396,259,414,0,0,0,0,0,0,0,0,0,0,0,0,0,0,0,0,130,130,130,31,50,75,77,144,189,31,50,75,31,50,75,31,50,75,77,144,189,31,50,75,31,50,75,0,1,2,23
1570,2,僭勒 營掘殮,DATA/INTERFACE/CONCEPT/UI_Object_004.png,87,358,259,376,87,339,259,357,87,377,259,395,87,396,259,414,87,396,259,414,0,0,0,0,0,0,0,0,0,0,0,0,0,0,0,0,130,130,130,31,50,75,77,144,189,31,50,75,31,50,75,31,50,75,77,144,189,31,50,75,31,50,75,0,1,2,23
1600,1,唳衙,DATA/INTERFACE/CONCEPT/UI_Object_004.png,87,320,259,338,87,282,259,300,87,282,259,300,87,301,259,319,87,301,259,319,87,301,259,319,87,301,259,319,87,282,259,300,87,282,259,300,130,130,130,31,50,75,77,144,189,31,50,75,31,50,75,31,50,75,77,144,189,31,50,75,31,50,75,1,1,2,23
1610,2,唳衙璽,DATA/INTERFACE/CONCEPT/UI_Object_004.png,87,358,259,376,87,339,259,357,87,377,259,395,87,396,259,414,87,396,259,414,0,0,0,0,0,0,0,0,0,0,0,0,0,0,0,0,130,130,130,31,50,75,77,144,189,31,50,75,31,50,75,31,50,75,77,144,189,31,50,75,31,50,75,0,1,2,23
1620,2,嬴檜蠱匐儀,DATA/INTERFACE/CONCEPT/UI_Object_004.png,87,358,259,376,87,339,259,357,87,377,259,395,87,396,259,414,87,396,259,414,0,0,0,0,0,0,0,0,0,0,0,0,0,0,0,0,130,130,130,31,50,75,77,144,189,31,50,75,31,50,75,31,50,75,77,144,189,31,50,75,31,50,75,0,1,2,23
1630,2,殮雞,DATA/INTERFACE/CONCEPT/UI_Object_004.png,87,358,259,376,87,339,259,357,87,377,259,395,87,396,259,414,87,396,259,414,0,0,0,0,0,0,0,0,0,0,0,0,0,0,0,0,130,130,130,31,50,75,77,144,189,31,50,75,31,50,75,31,50,75,77,144,189,31,50,75,31,50,75,0,1,2,23
1640,2,闊衛掘衙,DATA/INTERFACE/CONCEPT/UI_Object_004.png,87,358,259,376,87,339,259,357,87,377,259,395,87,396,259,414,87,396,259,414,0,0,0,0,0,0,0,0,0,0,0,0,0,0,0,0,130,130,130,31,50,75,77,144,189,31,50,75,31,50,75,31,50,75,77,144,189,31,50,75,31,50,75,0,1,2,23
1650,2,唳衙濰縑 蛔煙,DATA/INTERFACE/CONCEPT/UI_Object_004.png,87,358,259,376,87,339,259,357,87,377,259,395,87,396,259,414,87,396,259,414,0,0,0,0,0,0,0,0,0,0,0,0,0,0,0,0,130,130,130,31,50,75,77,144,189,31,50,75,31,50,75,31,50,75,77,144,189,31,50,75,31,50,75,0,1,2,23
1660,2,蛔煙衛 嶸曖餌о,DATA/INTERFACE/CONCEPT/UI_Object_004.png,87,358,259,376,87,339,259,357,87,377,259,395,87,396,259,414,87,396,259,414,0,0,0,0,0,0,0,0,0,0,0,0,0,0,0,0,130,130,130,31,50,75,77,144,189,31,50,75,31,50,75,31,50,75,77,144,189,31,50,75,31,50,75,0,1,2,23
1670,2,辦らл �挫�,DATA/INTERFACE/CONCEPT/UI_Object_004.png,87,358,259,376,87,339,259,357,87,377,259,395,87,396,259,414,87,396,259,414,0,0,0,0,0,0,0,0,0,0,0,0,0,0,0,0,130,130,130,31,50,75,77,144,189,31,50,75,31,50,75,31,50,75,77,144,189,31,50,75,31,50,75,0,1,2,23
1700,1,問癱,DATA/INTERFACE/CONCEPT/UI_Object_004.png,87,320,259,338,87,282,259,300,87,282,259,300,87,301,259,319,87,301,259,319,87,301,259,319,87,301,259,319,87,282,259,300,87,282,259,300,130,130,130,31,50,75,77,144,189,31,50,75,31,50,75,31,50,75,77,144,189,31,50,75,31,50,75,1,1,2,23
1710,2,殮濰寞徹,DATA/INTERFACE/CONCEPT/UI_Object_004.png,87,358,259,376,87,339,259,357,87,377,259,395,87,396,259,414,87,396,259,414,0,0,0,0,0,0,0,0,0,0,0,0,0,0,0,0,130,130,130,31,50,75,77,144,189,31,50,75,31,50,75,31,50,75,77,144,189,31,50,75,31,50,75,0,1,2,23
1720,2,問癱 賅萄 撲貲,DATA/INTERFACE/CONCEPT/UI_Object_004.png,87,358,259,376,87,339,259,357,87,377,259,395,87,396,259,414,87,396,259,414,0,0,0,0,0,0,0,0,0,0,0,0,0,0,0,0,130,130,130,31,50,75,77,144,189,31,50,75,31,50,75,31,50,75,77,144,189,31,50,75,31,50,75,0,1,2,23
1730,2,1:1渠溼,DATA/INTERFACE/CONCEPT/UI_Object_004.png,87,358,259,376,87,339,259,357,87,377,259,395,87,396,259,414,87,396,259,414,0,0,0,0,0,0,0,0,0,0,0,0,0,0,0,0,130,130,130,31,50,75,77,144,189,31,50,75,31,50,75,31,50,75,77,144,189,31,50,75,31,50,75,0,1,2,23
1800,1,擁諫翕僭,DATA/INTERFACE/CONCEPT/UI_Object_004.png,87,320,259,338,87,282,259,300,87,282,259,300,87,301,259,319,87,301,259,319,87,301,259,319,87,301,259,319,87,282,259,300,87,282,259,300,130,130,130,31,50,75,77,144,189,31,50,75,31,50,75,31,50,75,77,144,189,31,50,75,31,50,75,1,1,2,23
1810,2,擁諫翕僭璽,DATA/INTERFACE/CONCEPT/UI_Object_004.png,87,358,259,376,87,339,259,357,87,377,259,395,87,396,259,414,87,396,259,414,0,0,0,0,0,0,0,0,0,0,0,0,0,0,0,0,130,130,130,31,50,75,77,144,189,31,50,75,31,50,75,31,50,75,77,144,189,31,50,75,31,50,75,0,1,2,23
1820,2,擁諫翕僭 檣疆お,DATA/INTERFACE/CONCEPT/UI_Object_004.png,87,358,259,376,87,339,259,357,87,377,259,395,87,396,259,414,87,396,259,414,0,0,0,0,0,0,0,0,0,0,0,0,0,0,0,0,130,130,130,31,50,75,77,144,189,31,50,75,31,50,75,31,50,75,77,144,189,31,50,75,31,50,75,0,1,2,23
1830,2,諼⑽滲唳,DATA/INTERFACE/CONCEPT/UI_Object_004.png,87,358,259,376,87,339,259,357,87,377,259,395,87,396,259,414,87,396,259,414,0,0,0,0,0,0,0,0,0,0,0,0,0,0,0,0,130,130,130,31,50,75,77,144,189,31,50,75,31,50,75,31,50,75,77,144,189,31,50,75,31,50,75,0,1,2,23
1840,2,擁諫翕僭 掘殮婁 晦除翱濰,DATA/INTERFACE/CONCEPT/UI_Object_004.png,87,358,259,376,87,339,259,357,87,377,259,395,87,396,259,414,87,396,259,414,0,0,0,0,0,0,0,0,0,0,0,0,0,0,0,0,130,130,130,31,50,75,77,144,189,31,50,75,31,50,75,31,50,75,77,144,189,31,50,75,31,50,75,0,1,2,23
1850,2,擁諫翕僭 蝶鑒,DATA/INTERFACE/CONCEPT/UI_Object_004.png,87,358,259,376,87,339,259,357,87,377,259,395,87,396,259,414,87,396,259,414,0,0,0,0,0,0,0,0,0,0,0,0,0,0,0,0,130,130,130,31,50,75,77,144,189,31,50,75,31,50,75,31,50,75,77,144,189,31,50,75,31,50,75,0,1,2,23
1860,2,擁諫翕僭 橫網葬じ,DATA/INTERFACE/CONCEPT/UI_Object_004.png,87,358,259,376,87,339,259,357,87,377,259,395,87,396,259,414,87,396,259,414,0,0,0,0,0,0,0,0,0,0,0,0,0,0,0,0,130,130,130,31,50,75,77,144,189,31,50,75,31,50,75,31,50,75,77,144,189,31,50,75,31,50,75,0,1,2,23
1870,2,憮粽 擁諫翕僭,DATA/INTERFACE/CONCEPT/UI_Object_004.png,87,358,259,376,87,339,259,357,87,377,259,395,87,396,259,414,87,396,259,414,0,0,0,0,0,0,0,0,0,0,0,0,0,0,0,0,130,130,130,31,50,75,77,144,189,31,50,75,31,50,75,31,50,75,77,144,189,31,50,75,31,50,75,0,1,2,23
2000,1,鬼��,DATA/INTERFACE/CONCEPT/UI_Object_004.png,87,320,259,338,87,282,259,300,87,282,259,300,87,301,259,319,87,301,259,319,87,301,259,319,87,301,259,319,87,282,259,300,87,282,259,300,130,130,130,31,50,75,77,144,189,31,50,75,31,50,75,31,50,75,77,144,189,31,50,75,31,50,75,1,1,2,23
2010,2,鬼�倥�,DATA/INTERFACE/CONCEPT/UI_Object_004.png,87,358,259,376,87,339,259,357,87,377,259,395,87,396,259,414,87,396,259,414,0,0,0,0,0,0,0,0,0,0,0,0,0,0,0,0,130,130,130,31,50,75,77,144,189,31,50,75,31,50,75,31,50,75,77,144,189,31,50,75,31,50,75,0,1,2,23
2020,2,鬼�� 營猿,DATA/INTERFACE/CONCEPT/UI_Object_004.png,87,358,259,376,87,339,259,357,87,377,259,395,87,396,259,414,87,396,259,414,0,0,0,0,0,0,0,0,0,0,0,0,0,0,0,0,130,130,130,31,50,75,77,144,189,31,50,75,31,50,75,31,50,75,77,144,189,31,50,75,31,50,75,0,1,2,23
2030,2,鬼�� 輿曖餌о,DATA/INTERFACE/CONCEPT/UI_Object_004.png,87,358,259,376,87,339,259,357,87,377,259,395,87,396,259,414,87,396,259,414,0,0,0,0,0,0,0,0,0,0,0,0,0,0,0,0,130,130,130,31,50,75,77,144,189,31,50,75,31,50,75,31,50,75,77,144,189,31,50,75,31,50,75,0,1,2,23
2100,1,溯漣棻遴 檣疆お璽,DATA/INTERFACE/CONCEPT/UI_Object_004.png,87,320,259,338,87,282,259,300,87,282,259,300,87,301,259,319,87,301,259,319,87,301,259,319,87,301,259,319,87,282,259,300,87,282,259,300,130,130,130,31,50,75,77,144,189,31,50,75,31,50,75,31,50,75,77,144,189,31,50,75,31,50,75,1,1,2,23
2110,2,溯漣棻遴 檣疆お璽,DATA/INTERFACE/CONCEPT/UI_Object_004.png,87,358,259,376,87,339,259,357,87,377,259,395,87,396,259,414,87,396,259,414,0,0,0,0,0,0,0,0,0,0,0,0,0,0,0,0,130,130,130,31,50,75,77,144,189,31,50,75,31,50,75,31,50,75,77,144,189,31,50,75,31,50,75,0,1,2,23
2120,2,溯漣棻遴 檣疆お 輿曖餌о,DATA/INTERFACE/CONCEPT/UI_Object_004.png,87,358,259,376,87,339,259,357,87,377,259,395,87,396,259,414,87,396,259,414,0,0,0,0,0,0,0,0,0,0,0,0,0,0,0,0,130,130,130,31,50,75,77,144,189,31,50,75,31,50,75,31,50,75,77,144,189,31,50,75,31,50,75,0,1,2,23
2300,1,褫暮 營碟寡,DATA/INTERFACE/CONCEPT/UI_Object_004.png,87,320,259,338,87,282,259,300,87,282,259,300,87,301,259,319,87,301,259,319,87,301,259,319,87,301,259,319,87,282,259,300,87,282,259,300,130,130,130,31,50,75,77,144,189,31,50,75,31,50,75,31,50,75,77,144,189,31,50,75,31,50,75,1,1,2,23
2310,2,褫暮 營碟寡,DATA/INTERFACE/CONCEPT/UI_Object_004.png,87,358,259,376,87,339,259,357,87,377,259,395,87,396,259,414,87,396,259,414,0,0,0,0,0,0,0,0,0,0,0,0,0,0,0,0,130,130,130,31,50,75,77,144,189,31,50,75,31,50,75,31,50,75,77,144,189,31,50,75,31,50,75,0,1,2,23
2400,1,嬴檜蠱 濡旎,DATA/INTERFACE/CONCEPT/UI_Object_004.png,87,320,259,338,87,282,259,300,87,282,259,300,87,301,259,319,87,301,259,319,87,301,259,319,87,301,259,319,87,282,259,300,87,282,259,300,130,130,130,31,50,75,77,144,189,31,50,75,31,50,75,31,50,75,77,144,189,31,50,75,31,50,75,1,1,2,23
2410,2,嬴檜蠱 濡旎,DATA/INTERFACE/CONCEPT/UI_Object_004.png,87,358,259,376,87,339,259,357,87,377,259,395,87,396,259,414,87,396,259,414,0,0,0,0,0,0,0,0,0,0,0,0,0,0,0,0,130,130,130,31,50,75,77,144,189,31,50,75,31,50,75,31,50,75,77,144,189,31,50,75,31,50,75,0,1,2,23
2420,2,嬴檜蠱 濡旎 п薯,DATA/INTERFACE/CONCEPT/UI_Object_004.png,87,358,259,376,87,339,259,357,87,377,259,395,87,396,259,414,87,396,259,414,0,0,0,0,0,0,0,0,0,0,0,0,0,0,0,0,130,130,130,31,50,75,77,144,189,31,50,75,31,50,75,31,50,75,77,144,189,31,50,75,31,50,75,0,1,2,23
2430,2,輿曖餌о,DATA/INTERFACE/CONCEPT/UI_Object_004.png,87,358,259,376,87,339,259,357,87,377,259,395,87,396,259,414,87,396,259,414,0,0,0,0,0,0,0,0,0,0,0,0,0,0,0,0,130,130,130,31,50,75,77,144,189,31,50,75,31,50,75,31,50,75,77,144,189,31,50,75,31,50,75,0,1,2,23
2500,1,瓣た,DATA/INTERFACE/CONCEPT/UI_Object_004.png,87,320,259,338,87,282,259,300,87,282,259,300,87,301,259,319,87,301,259,319,87,301,259,319,87,301,259,319,87,282,259,300,87,282,259,300,130,130,130,31,50,75,77,144,189,31,50,75,31,50,75,31,50,75,77,144,189,31,50,75,31,50,75,1,1,2,23
2510,2,瓣た璽,DATA/INTERFACE/CONCEPT/UI_Object_004.png,87,358,259,376,87,339,259,357,87,377,259,395,87,396,259,414,87,396,259,414,0,0,0,0,0,0,0,0,0,0,0,0,0,0,0,0,130,130,130,31,50,75,77,144,189,31,50,75,31,50,75,31,50,75,77,144,189,31,50,75,31,50,75,0,1,2,23
2520,2,瓣た欽蹴酈,DATA/INTERFACE/CONCEPT/UI_Object_004.png,87,358,259,376,87,339,259,357,87,377,259,395,87,396,259,414,87,396,259,414,0,0,0,0,0,0,0,0,0,0,0,0,0,0,0,0,130,130,130,31,50,75,77,144,189,31,50,75,31,50,75,31,50,75,77,144,189,31,50,75,31,50,75,0,1,2,23
2530,2,斜諼欽蹴酈,DATA/INTERFACE/CONCEPT/UI_Object_004.png,87,358,259,376,87,339,259,357,87,377,259,395,87,396,259,414,87,396,259,414,0,0,0,0,0,0,0,0,0,0,0,0,0,0,0,0,130,130,130,31,50,75,77,144,189,31,50,75,31,50,75,31,50,75,77,144,189,31,50,75,31,50,75,0,1,2,23
2600,1,瓣た衙觼煎,DATA/INTERFACE/CONCEPT/UI_Object_004.png,87,320,259,338,87,282,259,300,87,282,259,300,87,301,259,319,87,301,259,319,87,301,259,319,87,301,259,319,87,282,259,300,87,282,259,300,130,130,130,31,50,75,77,144,189,31,50,75,31,50,75,31,50,75,77,144,189,31,50,75,31,50,75,1,1,2,23
2610,2,瓣た衙觼煎璽,DATA/INTERFACE/CONCEPT/UI_Object_004.png,87,358,259,376,87,339,259,357,87,377,259,395,87,396,259,414,87,396,259,414,0,0,0,0,0,0,0,0,0,0,0,0,0,0,0,0,130,130,130,31,50,75,77,144,189,31,50,75,31,50,75,31,50,75,77,144,189,31,50,75,31,50,75,0,1,2,23
2620,2,瓣た衙觼煎 謙盟,DATA/INTERFACE/CONCEPT/UI_Object_004.png,87,358,259,376,87,339,259,357,87,377,259,395,87,396,259,414,87,396,259,414,0,0,0,0,0,0,0,0,0,0,0,0,0,0,0,0,130,130,130,31,50,75,77,144,189,31,50,75,31,50,75,31,50,75,77,144,189,31,50,75,31,50,75,0,1,2,23
2700,1,渠�食�,DATA/INTERFACE/CONCEPT/UI_Object_004.png,87,320,259,338,87,282,259,300,87,282,259,300,87,301,259,319,87,301,259,319,87,301,259,319,87,301,259,319,87,282,259,300,87,282,259,300,130,130,130,31,50,75,77,144,189,31,50,75,31,50,75,31,50,75,77,144,189,31,50,75,31,50,75,1,1,2,23
2710,2,渠�食磌�,DATA/INTERFACE/CONCEPT/UI_Object_004.png,87,358,259,376,87,339,259,357,87,377,259,395,87,396,259,414,87,396,259,414,0,0,0,0,0,0,0,0,0,0,0,0,0,0,0,0,130,130,130,31,50,75,77,144,189,31,50,75,31,50,75,31,50,75,77,144,189,31,50,75,31,50,75,0,1,2,23
2720,2,渠�香騚� 匐儀 塽 蟾渠,DATA/INTERFACE/CONCEPT/UI_Object_004.png,87,358,259,376,87,339,259,357,87,377,259,395,87,396,259,414,87,396,259,414,0,0,0,0,0,0,0,0,0,0,0,0,0,0,0,0,130,130,130,31,50,75,77,144,189,31,50,75,31,50,75,31,50,75,77,144,189,31,50,75,31,50,75,0,1,2,23
2730,2,蝶顫橾 撲薑,DATA/INTERFACE/CONCEPT/UI_Object_004.png,87,358,259,376,87,339,259,357,87,377,259,395,87,396,259,414,87,396,259,414,0,0,0,0,0,0,0,0,0,0,0,0,0,0,0,0,130,130,130,31,50,75,77,144,189,31,50,75,31,50,75,31,50,75,77,144,189,31,50,75,31,50,75,0,1,2,23
2740,2,寞 虜菟晦,DATA/INTERFACE/CONCEPT/UI_Object_004.png,87,358,259,376,87,339,259,357,87,377,259,395,87,396,259,414,87,396,259,414,0,0,0,0,0,0,0,0,0,0,0,0,0,0,0,0,130,130,130,31,50,75,77,144,189,31,50,75,31,50,75,31,50,75,77,144,189,31,50,75,31,50,75,0,1,2,23
2750,2,渠�食� 惜堅,DATA/INTERFACE/CONCEPT/UI_Object_004.png,87,358,259,376,87,339,259,357,87,377,259,395,87,396,259,414,87,396,259,414,0,0,0,0,0,0,0,0,0,0,0,0,0,0,0,0,130,130,130,31,50,75,77,144,189,31,50,75,31,50,75,31,50,75,77,144,189,31,50,75,31,50,75,0,1,2,23
2800,1,耀掘,DATA/INTERFACE/CONCEPT/UI_Object_004.png,87,320,259,338,87,282,259,300,87,282,259,300,87,301,259,319,87,301,259,319,87,301,259,319,87,301,259,319,87,282,259,300,87,282,259,300,130,130,130,31,50,75,77,144,189,31,50,75,31,50,75,31,50,75,77,144,189,31,50,75,31,50,75,1,1,2,23
2810,2,耀掘璽婁 耀掘蹺陛,DATA/INTERFACE/CONCEPT/UI_Object_004.png,87,358,259,376,87,339,259,357,87,377,259,395,87,396,259,414,87,396,259,414,0,0,0,0,0,0,0,0,0,0,0,0,0,0,0,0,130,130,130,31,50,75,77,144,189,31,50,75,31,50,75,31,50,75,77,144,189,31,50,75,31,50,75,0,1,2,23
2820,2,耀掘餉薯諦 離欽,DATA/INTERFACE/CONCEPT/UI_Object_004.png,87,358,259,376,87,339,259,357,87,377,259,395,87,396,259,414,87,396,259,414,0,0,0,0,0,0,0,0,0,0,0,0,0,0,0,0,130,130,130,31,50,75,77,144,189,31,50,75,31,50,75,31,50,75,77,144,189,31,50,75,31,50,75,0,1,2,23
2900,1,醴Ы,DATA/INTERFACE/CONCEPT/UI_Object_004.png,87,320,259,338,87,282,259,300,87,282,259,300,87,301,259,319,87,301,259,319,87,301,259,319,87,301,259,319,87,282,259,300,87,282,259,300,130,130,130,31,50,75,77,144,189,31,50,75,31,50,75,31,50,75,77,144,189,31,50,75,31,50,75,1,1,2,23
2910,2,醴Ы璽 塽 掖薯褐羶,DATA/INTERFACE/CONCEPT/UI_Object_004.png,87,358,259,376,87,339,259,357,87,377,259,395,87,396,259,414,87,396,259,414,0,0,0,0,0,0,0,0,0,0,0,0,0,0,0,0,130,130,130,31,50,75,77,144,189,31,50,75,31,50,75,31,50,75,77,144,189,31,50,75,31,50,75,0,1,2,23
2920,2,模賅 擁薑雖熱,DATA/INTERFACE/CONCEPT/UI_Object_004.png,87,358,259,376,87,339,259,357,87,377,259,395,87,396,259,414,87,396,259,414,0,0,0,0,0,0,0,0,0,0,0,0,0,0,0,0,130,130,130,31,50,75,77,144,189,31,50,75,31,50,75,31,50,75,77,144,189,31,50,75,31,50,75,0,1,2,23
2930,2,譆渠 擁薑雖熱,DATA/INTERFACE/CONCEPT/UI_Object_004.png,87,358,259,376,87,339,259,357,87,377,259,395,87,396,259,414,87,396,259,414,0,0,0,0,0,0,0,0,0,0,0,0,0,0,0,0,130,130,130,31,50,75,77,144,189,31,50,75,31,50,75,31,50,75,77,144,189,31,50,75,31,50,75,0,1,2,23
2940,2,Щ楝ん鍔,DATA/INTERFACE/CONCEPT/UI_Object_004.png,87,358,259,376,87,339,259,357,87,377,259,395,87,396,259,414,87,396,259,414,0,0,0,0,0,0,0,0,0,0,0,0,0,0,0,0,130,130,130,31,50,75,77,144,189,31,50,75,31,50,75,31,50,75,77,144,189,31,50,75,31,50,75,0,1,2,23
2950,2,唸��,DATA/INTERFACE/CONCEPT/UI_Object_004.png,87,358,259,376,87,339,259,357,87,377,259,395,87,396,259,414,87,396,259,414,0,0,0,0,0,0,0,0,0,0,0,0,0,0,0,0,130,130,130,31,50,75,77,144,189,31,50,75,31,50,75,31,50,75,77,144,189,31,50,75,31,50,75,0,1,2,23
2960,2,檜滌,DATA/INTERFACE/CONCEPT/UI_Object_004.png,87,358,259,376,87,339,259,357,87,377,259,395,87,396,259,414,87,396,259,414,0,0,0,0,0,0,0,0,0,0,0,0,0,0,0,0,130,130,130,31,50,75,77,144,189,31,50,75,31,50,75,31,50,75,77,144,189,31,50,75,31,50,75,0,1,2,23
2970,2,醴Ы 輿曖餌о,DATA/INTERFACE/CONCEPT/UI_Object_004.png,87,358,259,376,87,339,259,357,87,377,259,395,87,396,259,414,87,396,259,414,0,0,0,0,0,0,0,0,0,0,0,0,0,0,0,0,130,130,130,31,50,75,77,144,189,31,50,75,31,50,75,31,50,75,77,144,189,31,50,75,31,50,75,0,1,2,23
3000,1,望萄,DATA/INTERFACE/CONCEPT/UI_Object_004.png,87,320,259,338,87,282,259,300,87,282,259,300,87,301,259,319,87,301,259,319,87,301,259,319,87,301,259,319,87,282,259,300,87,282,259,300,130,130,130,31,50,75,77,144,189,31,50,75,31,50,75,31,50,75,77,144,189,31,50,75,31,50,75,1,1,2,23
3010,2,望萄璽婁 嶸⑽,DATA/INTERFACE/CONCEPT/UI_Object_004.png,87,358,259,376,87,339,259,357,87,377,259,395,87,396,259,414,87,396,259,414,0,0,0,0,0,0,0,0,0,0,0,0,0,0,0,0,130,130,130,31,50,75,77,144,189,31,50,75,31,50,75,31,50,75,77,144,189,31,50,75,31,50,75,0,1,2,23
3020,2,望萄璽撲婁 п羹,DATA/INTERFACE/CONCEPT/UI_Object_004.png,87,358,259,376,87,339,259,357,87,377,259,395,87,396,259,414,87,396,259,414,0,0,0,0,0,0,0,0,0,0,0,0,0,0,0,0,130,130,130,31,50,75,77,144,189,31,50,75,31,50,75,31,50,75,77,144,189,31,50,75,31,50,75,0,1,2,23
3030,2,望萄 蟾渠ж晦,DATA/INTERFACE/CONCEPT/UI_Object_004.png,87,358,259,376,87,339,259,357,87,377,259,395,87,396,259,414,87,396,259,414,0,0,0,0,0,0,0,0,0,0,0,0,0,0,0,0,130,130,130,31,50,75,77,144,189,31,50,75,31,50,75,31,50,75,77,144,189,31,50,75,31,50,75,0,1,2,23
3040,2,望萄璽,DATA/INTERFACE/CONCEPT/UI_Object_004.png,87,358,259,376,87,339,259,357,87,377,259,395,87,396,259,414,87,396,259,414,0,0,0,0,0,0,0,0,0,0,0,0,0,0,0,0,130,130,130,31,50,75,77,144,189,31,50,75,31,50,75,31,50,75,77,144,189,31,50,75,31,50,75,0,1,2,23
3050,2,望萄瑛,DATA/INTERFACE/CONCEPT/UI_Object_004.png,87,358,259,376,87,339,259,357,87,377,259,395,87,396,259,414,87,396,259,414,0,0,0,0,0,0,0,0,0,0,0,0,0,0,0,0,130,130,130,31,50,75,77,144,189,31,50,75,31,50,75,31,50,75,77,144,189,31,50,75,31,50,75,0,1,2,23
3060,2,望萄濛僭,DATA/INTERFACE/CONCEPT/UI_Object_004.png,87,358,259,376,87,339,259,357,87,377,259,395,87,396,259,414,87,396,259,414,0,0,0,0,0,0,0,0,0,0,0,0,0,0,0,0,130,130,130,31,50,75,77,144,189,31,50,75,31,50,75,31,50,75,77,144,189,31,50,75,31,50,75,0,1,2,23
3070,2,望萄 撩щ滲唳,DATA/INTERFACE/CONCEPT/UI_Object_004.png,87,358,259,376,87,339,259,357,87,377,259,395,87,396,259,414,87,396,259,414,0,0,0,0,0,0,0,0,0,0,0,0,0,0,0,0,130,130,130,31,50,75,77,144,189,31,50,75,31,50,75,31,50,75,77,144,189,31,50,75,31,50,75,0,1,2,23
3080,2,望萄 輿曖餌о,DATA/INTERFACE/CONCEPT/UI_Object_004.png,87,358,259,376,87,339,259,357,87,377,259,395,87,396,259,414,87,396,259,414,0,0,0,0,0,0,0,0,0,0,0,0,0,0,0,0,130,130,130,31,50,75,77,144,189,31,50,75,31,50,75,31,50,75,77,144,189,31,50,75,31,50,75,0,1,2,23
3090,2,望萄 掏и 濠翕 檜歜,DATA/INTERFACE/CONCEPT/UI_Object_004.png,87,358,259,376,87,339,259,357,87,377,259,395,87,396,259,414,87,396,259,414,0,0,0,0,0,0,0,0,0,0,0,0,0,0,0,0,130,130,130,31,50,75,77,144,189,31,50,75,31,50,75,31,50,75,77,144,189,31,50,75,31,50,75,0,1,2,23
3100,1,議葛攪 紱嘐晦,DATA/INTERFACE/CONCEPT/UI_Object_004.png,87,320,259,338,87,282,259,300,87,282,259,300,87,301,259,319,87,301,259,319,87,301,259,319,87,301,259,319,87,282,259,300,87,282,259,300,130,130,130,31,50,75,77,144,189,31,50,75,31,50,75,31,50,75,77,144,189,31,50,75,31,50,75,1,1,2,23
3110,2,ぬ暮憧,DATA/INTERFACE/CONCEPT/UI_Object_004.png,87,358,259,376,87,339,259,357,87,377,259,395,87,396,259,414,87,396,259,414,0,0,0,0,0,0,0,0,0,0,0,0,0,0,0,0,130,130,130,31,50,75,77,144,189,31,50,75,31,50,75,31,50,75,77,144,189,31,50,75,31,50,75,0,1,2,23
3120,2,箔じ憧,DATA/INTERFACE/CONCEPT/UI_Object_004.png,87,358,259,376,87,339,259,357,87,377,259,395,87,396,259,414,87,396,259,414,0,0,0,0,0,0,0,0,0,0,0,0,0,0,0,0,130,130,130,31,50,75,77,144,189,31,50,75,31,50,75,31,50,75,77,144,189,31,50,75,31,50,75,0,1,2,23
3200,1,襪鍔,DATA/INTERFACE/CONCEPT/UI_Object_004.png,87,320,259,338,87,282,259,300,87,282,259,300,87,301,259,319,87,301,259,319,87,301,259,319,87,301,259,319,87,282,259,300,87,282,259,300,130,130,130,31,50,75,77,144,189,31,50,75,31,50,75,31,50,75,77,144,189,31,50,75,31,50,75,1,1,2,23
3210,2,襪鍔,DATA/INTERFACE/CONCEPT/UI_Object_004.png,87,358,259,376,87,339,259,357,87,377,259,395,87,396,259,414,87,396,259,414,0,0,0,0,0,0,0,0,0,0,0,0,0,0,0,0,130,130,130,31,50,75,77,144,189,31,50,75,31,50,75,31,50,75,77,144,189,31,50,75,31,50,75,0,1,2,23
3220,2,襪鍔 嬴檜蠱 掖��,DATA/INTERFACE/CONCEPT/UI_Object_004.png,87,358,259,376,87,339,259,357,87,377,259,395,87,396,259,414,87,396,259,414,0,0,0,0,0,0,0,0,0,0,0,0,0,0,0,0,130,130,130,31,50,75,77,144,189,31,50,75,31,50,75,31,50,75,77,144,189,31,50,75,31,50,75,0,1,2,23
3300,1,紫馬,DATA/INTERFACE/CONCEPT/UI_Object_004.png,87,320,259,338,87,282,259,300,87,282,259,300,87,301,259,319,87,301,259,319,87,301,259,319,87,301,259,319,87,282,259,300,87,282,259,300,130,130,130,31,50,75,77,144,189,31,50,75,31,50,75,31,50,75,77,144,189,31,50,75,31,50,75,1,1,2,23
3310,2,跨蝶攪紫馬,DATA/INTERFACE/CONCEPT/UI_Object_004.png,87,358,259,376,87,339,259,357,87,377,259,395,87,396,259,414,87,396,259,414,0,0,0,0,0,0,0,0,0,0,0,0,0,0,0,0,130,130,130,31,50,75,77,144,189,31,50,75,31,50,75,31,50,75,77,144,189,31,50,75,31,50,75,0,1,2,23
3320,2,嬴檜蠱紫馬,DATA/INTERFACE/CONCEPT/UI_Object_004.png,87,358,259,376,87,339,259,357,87,377,259,395,87,396,259,414,87,396,259,414,0,0,0,0,0,0,0,0,0,0,0,0,0,0,0,0,130,130,130,31,50,75,77,144,189,31,50,75,31,50,75,31,50,75,77,144,189,31,50,75,31,50,75,0,1,2,23
3400,1,ゎっ,DATA/INTERFACE/CONCEPT/UI_Object_004.png,87,320,259,338,87,282,259,300,87,282,259,300,87,301,259,319,87,301,259,319,87,301,259,319,87,301,259,319,87,282,259,300,87,282,259,300,130,130,130,31,50,75,77,144,189,31,50,75,31,50,75,31,50,75,77,144,189,31,50,75,31,50,75,1,1,2,23
3410,2,ゎっ螃Ъ,DATA/INTERFACE/CONCEPT/UI_Object_004.png,87,358,259,376,87,339,259,357,87,377,259,395,87,396,259,414,87,396,259,414,0,0,0,0,0,0,0,0,0,0,0,0,0,0,0,0,130,130,130,31,50,75,77,144,189,31,50,75,31,50,75,31,50,75,77,144,189,31,50,75,31,50,75,0,1,2,23
3420,2,ゎっん檣お �僱�,DATA/INTERFACE/CONCEPT/UI_Object_004.png,87,358,259,376,87,339,259,357,87,377,259,395,87,396,259,414,87,396,259,414,0,0,0,0,0,0,0,0,0,0,0,0,0,0,0,0,130,130,130,31,50,75,77,144,189,31,50,75,31,50,75,31,50,75,77,144,189,31,50,75,31,50,75,0,1,2,23
3430,2,ゎっ嬴檜蠱 掖��,DATA/INTERFACE/CONCEPT/UI_Object_004.png,87,358,259,376,87,339,259,357,87,377,259,395,87,396,259,414,87,396,259,414,0,0,0,0,0,0,0,0,0,0,0,0,0,0,0,0,130,130,130,31,50,75,77,144,189,31,50,75,31,50,75,31,50,75,77,144,189,31,50,75,31,50,75,0,1,2,23
3500,1,閉衛,DATA/INTERFACE/CONCEPT/UI_Object_004.png,87,320,259,338,87,282,259,300,87,282,259,300,87,301,259,319,87,301,259,319,87,301,259,319,87,301,259,319,87,282,259,300,87,282,259,300,130,130,130,31,50,75,77,144,189,31,50,75,31,50,75,31,50,75,77,144,189,31,50,75,31,50,75,1,1,2,23
3510,2,閉衛,DATA/INTERFACE/CONCEPT/UI_Object_004.png,87,358,259,376,87,339,259,357,87,377,259,395,87,396,259,414,87,396,259,414,0,0,0,0,0,0,0,0,0,0,0,0,0,0,0,0,130,130,130,31,50,75,77,144,189,31,50,75,31,50,75,31,50,75,77,144,189,31,50,75,31,50,75,0,1,2,23
3520,2,閉衛嬴檜蠱 掖��,DATA/INTERFACE/CONCEPT/UI_Object_004.png,87,358,259,376,87,339,259,357,87,377,259,395,87,396,259,414,87,396,259,414,0,0,0,0,0,0,0,0,0,0,0,0,0,0,0,0,130,130,130,31,50,75,77,144,189,31,50,75,31,50,75,31,50,75,77,144,189,31,50,75,31,50,75,0,1,2,23
3600,1,嬴檜蠱 瑰檣,DATA/INTERFACE/CONCEPT/UI_Object_004.png,87,320,259,338,87,282,259,300,87,282,259,300,87,301,259,319,87,301,259,319,87,301,259,319,87,301,259,319,87,282,259,300,87,282,259,300,130,130,130,31,50,75,77,144,189,31,50,75,31,50,75,31,50,75,77,144,189,31,50,75,31,50,75,1,1,2,23
3610,2,嬴檜蠱 瑰檣,DATA/INTERFACE/CONCEPT/UI_Object_004.png,87,358,259,376,87,339,259,357,87,377,259,395,87,396,259,414,87,396,259,414,0,0,0,0,0,0,0,0,0,0,0,0,0,0,0,0,130,130,130,31,50,75,77,144,189,31,50,75,31,50,75,31,50,75,77,144,189,31,50,75,31,50,75,0,1,2,23
3620,2,嬴檜蠱 瑰檣 п薯,DATA/INTERFACE/CONCEPT/UI_Object_004.png,87,358,259,376,87,339,259,357,87,377,259,395,87,396,259,414,87,396,259,414,0,0,0,0,0,0,0,0,0,0,0,0,0,0,0,0,130,130,130,31,50,75,77,144,189,31,50,75,31,50,75,31,50,75,77,144,189,31,50,75,31,50,75,0,1,2,23
3630,2,輿曖餌о,DATA/INTERFACE/CONCEPT/UI_Object_004.png,87,358,259,376,87,339,259,357,87,377,259,395,87,396,259,414,87,396,259,414,0,0,0,0,0,0,0,0,0,0,0,0,0,0,0,0,130,130,130,31,50,75,77,144,189,31,50,75,31,50,75,31,50,75,77,144,189,31,50,75,31,50,75,0,1,2,23
3700,1,滌擊 詳朝 釭鼠,DATA/INTERFACE/CONCEPT/UI_Object_004.png,87,320,259,338,87,282,259,300,87,282,259,300,87,301,259,319,87,301,259,319,87,301,259,319,87,301,259,319,87,282,259,300,87,282,259,300,130,130,130,31,50,75,77,144,189,31,50,75,31,50,75,31,50,75,77,144,189,31,50,75,31,50,75,1,1,2,23
3710,2,滌擊 詳朝 釭鼠,DATA/INTERFACE/CONCEPT/UI_Object_004.png,87,358,259,376,87,339,259,357,87,377,259,395,87,396,259,414,87,396,259,414,0,0,0,0,0,0,0,0,0,0,0,0,0,0,0,0,130,130,130,31,50,75,77,144,189,31,50,75,31,50,75,31,50,75,77,144,189,31,50,75,31,50,75,0,1,2,23
3720,2,滌 賅戲晦,DATA/INTERFACE/CONCEPT/UI_Object_004.png,87,358,259,376,87,339,259,357,87,377,259,395,87,396,259,414,87,396,259,414,0,0,0,0,0,0,0,0,0,0,0,0,0,0,0,0,130,130,130,31,50,75,77,144,189,31,50,75,31,50,75,31,50,75,77,144,189,31,50,75,31,50,75,0,1,2,23
3730,2,撩濰衛酈晦,DATA/INTERFACE/CONCEPT/UI_Object_004.png,87,358,259,376,87,339,259,357,87,377,259,395,87,396,259,414,87,396,259,414,0,0,0,0,0,0,0,0,0,0,0,0,0,0,0,0,130,130,130,31,50,75,77,144,189,31,50,75,31,50,75,31,50,75,77,144,189,31,50,75,31,50,75,0,1,2,23
3740,2,爾鼻嫡晦,DATA/INTERFACE/CONCEPT/UI_Object_004.png,87,358,259,376,87,339,259,357,87,377,259,395,87,396,259,414,87,396,259,414,0,0,0,0,0,0,0,0,0,0,0,0,0,0,0,0,130,130,130,31,50,75,77,144,189,31,50,75,31,50,75,31,50,75,77,144,189,31,50,75,31,50,75,0,1,2,23
3800,1,僥曄,DATA/INTERFACE/CONCEPT/UI_Object_004.png,87,320,259,338,87,282,259,300,87,282,259,300,87,301,259,319,87,301,259,319,87,301,259,319,87,301,259,319,87,282,259,300,87,282,259,300,130,130,130,31,50,75,77,144,189,31,50,75,31,50,75,31,50,75,77,144,189,31,50,75,31,50,75,1,1,2,23
3810,2,僥曄璽,DATA/INTERFACE/CONCEPT/UI_Object_004.png,87,358,259,376,87,339,259,357,87,377,259,395,87,396,259,414,87,396,259,414,0,0,0,0,0,0,0,0,0,0,0,0,0,0,0,0,130,130,130,31,50,75,77,144,189,31,50,75,31,50,75,31,50,75,77,144,189,31,50,75,31,50,75,0,1,2,23
3820,2,僥曄 霞ч 寞衝,DATA/INTERFACE/CONCEPT/UI_Object_004.png,87,358,259,376,87,339,259,357,87,377,259,395,87,396,259,414,87,396,259,414,0,0,0,0,0,0,0,0,0,0,0,0,0,0,0,0,130,130,130,31,50,75,77,144,189,31,50,75,31,50,75,31,50,75,77,144,189,31,50,75,31,50,75,0,1,2,23
3830,2,僥曄 輿曖 餌о,DATA/INTERFACE/CONCEPT/UI_Object_004.png,87,358,259,376,87,339,259,357,87,377,259,395,87,396,259,414,87,396,259,414,0,0,0,0,0,0,0,0,0,0,0,0,0,0,0,0,130,130,130,31,50,75,77,144,189,31,50,75,31,50,75,31,50,75,77,144,189,31,50,75,31,50,75,0,1,2,23
3900,1,機瞳,DATA/INTERFACE/CONCEPT/UI_Object_004.png,87,320,259,338,87,282,259,300,87,282,259,300,87,301,259,319,87,301,259,319,87,301,259,319,87,301,259,319,87,282,259,300,87,282,259,300,130,130,130,31,50,75,77,144,189,31,50,75,31,50,75,31,50,75,77,144,189,31,50,75,31,50,75,1,1,2,23
3910,2,機瞳,DATA/INTERFACE/CONCEPT/UI_Object_004.png,87,358,259,376,87,339,259,357,87,377,259,395,87,396,259,414,87,396,259,414,0,0,0,0,0,0,0,0,0,0,0,0,0,0,0,0,130,130,130,31,50,75,77,144,189,31,50,75,31,50,75,31,50,75,77,144,189,31,50,75,31,50,75,0,1,2,23
3920,2,啪檜雖諦 楨觼,DATA/INTERFACE/CONCEPT/UI_Object_004.png,87,358,259,376,87,339,259,357,87,377,259,395,87,396,259,414,87,396,259,414,0,0,0,0,0,0,0,0,0,0,0,0,0,0,0,0,130,130,130,31,50,75,77,144,189,31,50,75,31,50,75,31,50,75,77,144,189,31,50,75,31,50,75,0,1,2,23
3930,2,爾鼻,DATA/INTERFACE/CONCEPT/UI_Object_004.png,87,358,259,376,87,339,259,357,87,377,259,395,87,396,259,414,87,396,259,414,0,0,0,0,0,0,0,0,0,0,0,0,0,0,0,0,130,130,130,31,50,75,77,144,189,31,50,75,31,50,75,31,50,75,77,144,189,31,50,75,31,50,75,0,1,2,23
4000,1,詭褐盪,DATA/INTERFACE/CONCEPT/UI_Object_004.png,87,320,259,338,87,282,259,300,87,282,259,300,87,301,259,319,87,301,259,319,87,301,259,319,87,301,259,319,87,282,259,300,87,282,259,300,130,130,130,31,50,75,77,144,189,31,50,75,31,50,75,31,50,75,77,144,189,31,50,75,31,50,75,1,1,2,23
4010,2,詭褐盪 儅撩ж晦,DATA/INTERFACE/CONCEPT/UI_Object_004.png,87,358,259,376,87,339,259,357,87,377,259,395,87,396,259,414,87,396,259,414,0,0,0,0,0,0,0,0,0,0,0,0,0,0,0,0,130,130,130,31,50,75,77,144,189,31,50,75,31,50,75,31,50,75,77,144,189,31,50,75,31,50,75,0,1,2,23
4020,2,詭褐盪 瓣た璽,DATA/INTERFACE/CONCEPT/UI_Object_004.png,87,358,259,376,87,339,259,357,87,377,259,395,87,396,259,414,87,396,259,414,0,0,0,0,0,0,0,0,0,0,0,0,0,0,0,0,130,130,130,31,50,75,77,144,189,31,50,75,31,50,75,31,50,75,77,144,189,31,50,75,31,50,75,0,1,2,23
4100,1,錚檜ん檣お,DATA/INTERFACE/CONCEPT/UI_Object_004.png,87,320,259,338,87,282,259,300,87,282,259,300,87,301,259,319,87,301,259,319,87,301,259,319,87,301,259,319,87,282,259,300,87,282,259,300,130,130,130,31,50,75,77,144,189,31,50,75,31,50,75,31,50,75,77,144,189,31,50,75,31,50,75,1,1,2,23
4110,2,錚檜ん檣お,DATA/INTERFACE/CONCEPT/UI_Object_004.png,87,358,259,376,87,339,259,357,87,377,259,395,87,396,259,414,87,396,259,414,0,0,0,0,0,0,0,0,0,0,0,0,0,0,0,0,130,130,130,31,50,75,77,144,189,31,50,75,31,50,75,31,50,75,77,144,189,31,50,75,31,50,75,0,1,2,23
4120,2,錚檜ん檣お �側瘓�,DATA/INTERFACE/CONCEPT/UI_Object_004.png,87,358,259,376,87,339,259,357,87,377,259,395,87,396,259,414,87,396,259,414,0,0,0,0,0,0,0,0,0,0,0,0,0,0,0,0,130,130,130,31,50,75,77,144,189,31,50,75,31,50,75,31,50,75,77,144,189,31,50,75,31,50,75,0,1,2,23
4130,2,葆檜ん檣お,DATA/INTERFACE/CONCEPT/UI_Object_004.png,87,358,259,376,87,339,259,357,87,377,259,395,87,396,259,414,87,396,259,414,0,0,0,0,0,0,0,0,0,0,0,0,0,0,0,0,130,130,130,31,50,75,77,144,189,31,50,75,31,50,75,31,50,75,77,144,189,31,50,75,31,50,75,0,1,2,23
4200,1,碟п,DATA/INTERFACE/CONCEPT/UI_Object_004.png,87,320,259,338,87,282,259,300,87,282,259,300,87,301,259,319,87,301,259,319,87,301,259,319,87,301,259,319,87,282,259,300,87,282,259,300,130,130,130,31,50,75,77,144,189,31,50,75,31,50,75,31,50,75,77,144,189,31,50,75,31,50,75,1,1,2,23
4210,2,碟п 幗が,DATA/INTERFACE/CONCEPT/UI_Object_004.png,87,358,259,376,87,339,259,357,87,377,259,395,87,396,259,414,87,396,259,414,0,0,0,0,0,0,0,0,0,0,0,0,0,0,0,0,130,130,130,31,50,75,77,144,189,31,50,75,31,50,75,31,50,75,77,144,189,31,50,75,31,50,75,0,1,2,23
4220,2,碟п,DATA/INTERFACE/CONCEPT/UI_Object_004.png,87,358,259,376,87,339,259,357,87,377,259,395,87,396,259,414,87,396,259,414,0,0,0,0,0,0,0,0,0,0,0,0,0,0,0,0,130,130,130,31,50,75,77,144,189,31,50,75,31,50,75,31,50,75,77,144,189,31,50,75,31,50,75,0,1,2,23
9900,1,啪歜そ,DATA/INTERFACE/CONCEPT/UI_Object_004.png,87,320,259,338,87,282,259,300,87,282,259,300,87,301,259,319,87,301,259,319,87,301,259,319,87,301,259,319,87,282,259,300,87,282,259,300,130,130,130,31,50,75,77,144,189,31,50,75,31,50,75,31,50,75,77,144,189,31,50,75,31,50,75,1,1,2,23
9910,2,巍爾衛蝶蠱,DATA/INTERFACE/CONCEPT/UI_Object_004.png,87,358,259,376,87,339,259,357,87,377,259,395,87,396,259,414,87,396,259,414,0,0,0,0,0,0,0,0,0,0,0,0,0,0,0,0,130,130,130,31,50,75,77,144,189,31,50,75,31,50,75,31,50,75,77,144,189,31,50,75,31,50,75,0,1,2,23
9920,2,爾僭鼻濠,DATA/INTERFACE/CONCEPT/UI_Object_004.png,87,358,259,376,87,339,259,357,87,377,259,395,87,396,259,414,87,396,259,414,0,0,0,0,0,0,0,0,0,0,0,0,0,0,0,0,130,130,130,31,50,75,77,144,189,31,50,75,31,50,75,31,50,75,77,144,189,31,50,75,31,50,75,0,1,2,23
9930,2,換傘掘葬 螞繭,DATA/INTERFACE/CONCEPT/UI_Object_004.png,87,358,259,376,87,339,259,357,87,377,259,395,87,396,259,414,87,396,259,414,0,0,0,0,0,0,0,0,0,0,0,0,0,0,0,0,130,130,130,31,50,75,77,144,189,31,50,75,31,50,75,31,50,75,77,144,189,31,50,75,31,50,75,0,1,2,23
9940,2,嬴綠螃 贗毀,DATA/INTERFACE/CONCEPT/UI_Object_004.png,87,358,259,376,87,339,259,357,87,377,259,395,87,396,259,414,87,396,259,414,0,0,0,0,0,0,0,0,0,0,0,0,0,0,0,0,130,130,130,31,50,75,77,144,189,31,50,75,31,50,75,31,50,75,77,144,189,31,50,75,31,50,75,0,1,2,23
9950,2,"睡�偯� 薑熱,碳掉曖 薑褐",DATA/INTERFACE/CONCEPT/UI_Object_004.png,87,358,259,376,87,339,259,357,87,377,259,395,87,396,259,414,87,396,259,414,0,0,0,0,0,0,0,0,0,0,0,0,0,0,0,0,130,130,130,31,50,75,77,144,189,31,50,75,31,50,75,31,50,75,77,144,189,31,50,75,31,50,75,0,1,2,23
9960,2,模��,DATA/INTERFACE/CONCEPT/UI_Object_004.png,87,358,259,376,87,339,259,357,87,377,259,395,87,396,259,414,87,396,259,414,0,0,0,0,0,0,0,0,0,0,0,0,0,0,0,0,130,130,130,31,50,75,77,144,189,31,50,75,31,50,75,31,50,75,77,144,189,31,50,75,31,50,75,0,1,2,23
9970,2,諼纂晦,DATA/INTERFACE/CONCEPT/UI_Object_004.png,87,358,259,376,87,339,259,357,87,377,259,395,87,396,259,414,87,396,259,414,0,0,0,0,0,0,0,0,0,0,0,0,0,0,0,0,130,130,130,31,50,75,77,144,189,31,50,75,31,50,75,31,50,75,77,144,189,31,50,75,31,50,75,0,1,2,23
9980,2,蝶觼萼憐,DATA/INTERFACE/CONCEPT/UI_Object_004.png,87,358,259,376,87,339,259,357,87,377,259,395,87,396,259,414,87,396,259,414,0,0,0,0,0,0,0,0,0,0,0,0,0,0,0,0,130,130,130,31,50,75,77,144,189,31,50,75,31,50,75,31,50,75,77,144,189,31,50,75,31,50,75,0,1,2,23
9990,2,褐堅辨 蝶觼萼憐,DATA/INTERFACE/CONCEPT/UI_Object_004.png,87,358,259,376,87,339,259,357,87,377,259,395,87,396,259,414,87,396,259,414,0,0,0,0,0,0,0,0,0,0,0,0,0,0,0,0,130,130,130,31,50,75,77,144,189,31,50,75,31,50,75,31,50,75,77,144,189,31,50,75,31,50,75,0,1,2,23
0,0,,,0,0,0,0,0,0,0,0,0,0,0,0,0,0,0,0,0,0,0,0,0,0,0,0,0,0,0,0,0,0,0,0,0,0,0,0,0,0,0,0,0,0,0,0,0,0,0,0,0,0,0,0,0,0,0,0,0,0,0,0,0,0,0,0,0,0,0
0,0,,,0,0,0,0,0,0,0,0,0,0,0,0,0,0,0,0,0,0,0,0,0,0,0,0,0,0,0,0,0,0,0,0,0,0,0,0,0,0,0,0,0,0,0,0,0,0,0,0,0,0,0,0,0,0,0,0,0,0,0,0,0,0,0,0,0,0,0
0,0,,,0,0,0,0,0,0,0,0,0,0,0,0,0,0,0,0,0,0,0,0,0,0,0,0,0,0,0,0,0,0,0,0,0,0,0,0,0,0,0,0,0,0,0,0,0,0,0,0,0,0,0,0,0,0,0,0,0,0,0,0,0,0,0,0,0,0,0
0,0,,,0,0,0,0,0,0,0,0,0,0,0,0,0,0,0,0,0,0,0,0,0,0,0,0,0,0,0,0,0,0,0,0,0,0,0,0,0,0,0,0,0,0,0,0,0,0,0,0,0,0,0,0,0,0,0,0,0,0,0,0,0,0,0,0,0,0,0
0,0,,,0,0,0,0,0,0,0,0,0,0,0,0,0,0,0,0,0,0,0,0,0,0,0,0,0,0,0,0,0,0,0,0,0,0,0,0,0,0,0,0,0,0,0,0,0,0,0,0,0,0,0,0,0,0,0,0,0,0,0,0,0,0,0,0,0,0,0
0,0,,,0,0,0,0,0,0,0,0,0,0,0,0,0,0,0,0,0,0,0,0,0,0,0,0,0,0,0,0,0,0,0,0,0,0,0,0,0,0,0,0,0,0,0,0,0,0,0,0,0,0,0,0,0,0,0,0,0,0,0,0,0,0,0,0,0,0,0
0,0,,,0,0,0,0,0,0,0,0,0,0,0,0,0,0,0,0,0,0,0,0,0,0,0,0,0,0,0,0,0,0,0,0,0,0,0,0,0,0,0,0,0,0,0,0,0,0,0,0,0,0,0,0,0,0,0,0,0,0,0,0,0,0,0,0,0,0,0
0,0,,,0,0,0,0,0,0,0,0,0,0,0,0,0,0,0,0,0,0,0,0,0,0,0,0,0,0,0,0,0,0,0,0,0,0,0,0,0,0,0,0,0,0,0,0,0,0,0,0,0,0,0,0,0,0,0,0,0,0,0,0,0,0,0,0,0,0,0
0,0,,,0,0,0,0,0,0,0,0,0,0,0,0,0,0,0,0,0,0,0,0,0,0,0,0,0,0,0,0,0,0,0,0,0,0,0,0,0,0,0,0,0,0,0,0,0,0,0,0,0,0,0,0,0,0,0,0,0,0,0,0,0,0,0,0,0,0,0
0,0,,,0,0,0,0,0,0,0,0,0,0,0,0,0,0,0,0,0,0,0,0,0,0,0,0,0,0,0,0,0,0,0,0,0,0,0,0,0,0,0,0,0,0,0,0,0,0,0,0,0,0,0,0,0,0,0,0,0,0,0,0,0,0,0,0,0,0,0
0,0,,,0,0,0,0,0,0,0,0,0,0,0,0,0,0,0,0,0,0,0,0,0,0,0,0,0,0,0,0,0,0,0,0,0,0,0,0,0,0,0,0,0,0,0,0,0,0,0,0,0,0,0,0,0,0,0,0,0,0,0,0,0,0,0,0,0,0,0
0,0,,,0,0,0,0,0,0,0,0,0,0,0,0,0,0,0,0,0,0,0,0,0,0,0,0,0,0,0,0,0,0,0,0,0,0,0,0,0,0,0,0,0,0,0,0,0,0,0,0,0,0,0,0,0,0,0,0,0,0,0,0,0,0,0,0,0,0,0
0,0,,,0,0,0,0,0,0,0,0,0,0,0,0,0,0,0,0,0,0,0,0,0,0,0,0,0,0,0,0,0,0,0,0,0,0,0,0,0,0,0,0,0,0,0,0,0,0,0,0,0,0,0,0,0,0,0,0,0,0,0,0,0,0,0,0,0,0,0
0,0,,,0,0,0,0,0,0,0,0,0,0,0,0,0,0,0,0,0,0,0,0,0,0,0,0,0,0,0,0,0,0,0,0,0,0,0,0,0,0,0,0,0,0,0,0,0,0,0,0,0,0,0,0,0,0,0,0,0,0,0,0,0,0,0,0,0,0,0
0,0,,,0,0,0,0,0,0,0,0,0,0,0,0,0,0,0,0,0,0,0,0,0,0,0,0,0,0,0,0,0,0,0,0,0,0,0,0,0,0,0,0,0,0,0,0,0,0,0,0,0,0,0,0,0,0,0,0,0,0,0,0,0,0,0,0,0,0,0
0,0,,,0,0,0,0,0,0,0,0,0,0,0,0,0,0,0,0,0,0,0,0,0,0,0,0,0,0,0,0,0,0,0,0,0,0,0,0,0,0,0,0,0,0,0,0,0,0,0,0,0,0,0,0,0,0,0,0,0,0,0,0,0,0,0,0,0,0,0
0,0,,,0,0,0,0,0,0,0,0,0,0,0,0,0,0,0,0,0,0,0,0,0,0,0,0,0,0,0,0,0,0,0,0,0,0,0,0,0,0,0,0,0,0,0,0,0,0,0,0,0,0,0,0,0,0,0,0,0,0,0,0,0,0,0,0,0,0,0
0,0,,,0,0,0,0,0,0,0,0,0,0,0,0,0,0,0,0,0,0,0,0,0,0,0,0,0,0,0,0,0,0,0,0,0,0,0,0,0,0,0,0,0,0,0,0,0,0,0,0,0,0,0,0,0,0,0,0,0,0,0,0,0,0,0,0,0,0,0
0,0,,,0,0,0,0,0,0,0,0,0,0,0,0,0,0,0,0,0,0,0,0,0,0,0,0,0,0,0,0,0,0,0,0,0,0,0,0,0,0,0,0,0,0,0,0,0,0,0,0,0,0,0,0,0,0,0,0,0,0,0,0,0,0,0,0,0,0,0
0,0,,,0,0,0,0,0,0,0,0,0,0,0,0,0,0,0,0,0,0,0,0,0,0,0,0,0,0,0,0,0,0,0,0,0,0,0,0,0,0,0,0,0,0,0,0,0,0,0,0,0,0,0,0,0,0,0,0,0,0,0,0,0,0,0,0,0,0,0
0,0,,,0,0,0,0,0,0,0,0,0,0,0,0,0,0,0,0,0,0,0,0,0,0,0,0,0,0,0,0,0,0,0,0,0,0,0,0,0,0,0,0,0,0,0,0,0,0,0,0,0,0,0,0,0,0,0,0,0,0,0,0,0,0,0,0,0,0,0
0,0,,,0,0,0,0,0,0,0,0,0,0,0,0,0,0,0,0,0,0,0,0,0,0,0,0,0,0,0,0,0,0,0,0,0,0,0,0,0,0,0,0,0,0,0,0,0,0,0,0,0,0,0,0,0,0,0,0,0,0,0,0,0,0,0,0,0,0,0
0,0,,,0,0,0,0,0,0,0,0,0,0,0,0,0,0,0,0,0,0,0,0,0,0,0,0,0,0,0,0,0,0,0,0,0,0,0,0,0,0,0,0,0,0,0,0,0,0,0,0,0,0,0,0,0,0,0,0,0,0,0,0,0,0,0,0,0,0,0
0,0,,,0,0,0,0,0,0,0,0,0,0,0,0,0,0,0,0,0,0,0,0,0,0,0,0,0,0,0,0,0,0,0,0,0,0,0,0,0,0,0,0,0,0,0,0,0,0,0,0,0,0,0,0,0,0,0,0,0,0,0,0,0,0,0,0,0,0,0
0,0,,,0,0,0,0,0,0,0,0,0,0,0,0,0,0,0,0,0,0,0,0,0,0,0,0,0,0,0,0,0,0,0,0,0,0,0,0,0,0,0,0,0,0,0,0,0,0,0,0,0,0,0,0,0,0,0,0,0,0,0,0,0,0,0,0,0,0,0
0,0,,,0,0,0,0,0,0,0,0,0,0,0,0,0,0,0,0,0,0,0,0,0,0,0,0,0,0,0,0,0,0,0,0,0,0,0,0,0,0,0,0,0,0,0,0,0,0,0,0,0,0,0,0,0,0,0,0,0,0,0,0,0,0,0,0,0,0,0
0,0,,,0,0,0,0,0,0,0,0,0,0,0,0,0,0,0,0,0,0,0,0,0,0,0,0,0,0,0,0,0,0,0,0,0,0,0,0,0,0,0,0,0,0,0,0,0,0,0,0,0,0,0,0,0,0,0,0,0,0,0,0,0,0,0,0,0,0,0
0,0,,,0,0,0,0,0,0,0,0,0,0,0,0,0,0,0,0,0,0,0,0,0,0,0,0,0,0,0,0,0,0,0,0,0,0,0,0,0,0,0,0,0,0,0,0,0,0,0,0,0,0,0,0,0,0,0,0,0,0,0,0,0,0,0,0,0,0,0
0,0,,,0,0,0,0,0,0,0,0,0,0,0,0,0,0,0,0,0,0,0,0,0,0,0,0,0,0,0,0,0,0,0,0,0,0,0,0,0,0,0,0,0,0,0,0,0,0,0,0,0,0,0,0,0,0,0,0,0,0,0,0,0,0,0,0,0,0,0
0,0,,,0,0,0,0,0,0,0,0,0,0,0,0,0,0,0,0,0,0,0,0,0,0,0,0,0,0,0,0,0,0,0,0,0,0,0,0,0,0,0,0,0,0,0,0,0,0,0,0,0,0,0,0,0,0,0,0,0,0,0,0,0,0,0,0,0,0,0
0,0,,,0,0,0,0,0,0,0,0,0,0,0,0,0,0,0,0,0,0,0,0,0,0,0,0,0,0,0,0,0,0,0,0,0,0,0,0,0,0,0,0,0,0,0,0,0,0,0,0,0,0,0,0,0,0,0,0,0,0,0,0,0,0,0,0,0,0,0
0,0,,,0,0,0,0,0,0,0,0,0,0,0,0,0,0,0,0,0,0,0,0,0,0,0,0,0,0,0,0,0,0,0,0,0,0,0,0,0,0,0,0,0,0,0,0,0,0,0,0,0,0,0,0,0,0,0,0,0,0,0,0,0,0,0,0,0,0,0
0,0,,,0,0,0,0,0,0,0,0,0,0,0,0,0,0,0,0,0,0,0,0,0,0,0,0,0,0,0,0,0,0,0,0,0,0,0,0,0,0,0,0,0,0,0,0,0,0,0,0,0,0,0,0,0,0,0,0,0,0,0,0,0,0,0,0,0,0,0
0,0,,,0,0,0,0,0,0,0,0,0,0,0,0,0,0,0,0,0,0,0,0,0,0,0,0,0,0,0,0,0,0,0,0,0,0,0,0,0,0,0,0,0,0,0,0,0,0,0,0,0,0,0,0,0,0,0,0,0,0,0,0,0,0,0,0,0,0,0
0,0,,,0,0,0,0,0,0,0,0,0,0,0,0,0,0,0,0,0,0,0,0,0,0,0,0,0,0,0,0,0,0,0,0,0,0,0,0,0,0,0,0,0,0,0,0,0,0,0,0,0,0,0,0,0,0,0,0,0,0,0,0,0,0,0,0,0,0,0
0,0,,,0,0,0,0,0,0,0,0,0,0,0,0,0,0,0,0,0,0,0,0,0,0,0,0,0,0,0,0,0,0,0,0,0,0,0,0,0,0,0,0,0,0,0,0,0,0,0,0,0,0,0,0,0,0,0,0,0,0,0,0,0,0,0,0,0,0,0
0,0,,,0,0,0,0,0,0,0,0,0,0,0,0,0,0,0,0,0,0,0,0,0,0,0,0,0,0,0,0,0,0,0,0,0,0,0,0,0,0,0,0,0,0,0,0,0,0,0,0,0,0,0,0,0,0,0,0,0,0,0,0,0,0,0,0,0,0,0
0,0,,,0,0,0,0,0,0,0,0,0,0,0,0,0,0,0,0,0,0,0,0,0,0,0,0,0,0,0,0,0,0,0,0,0,0,0,0,0,0,0,0,0,0,0,0,0,0,0,0,0,0,0,0,0,0,0,0,0,0,0,0,0,0,0,0,0,0,0
0,0,,,0,0,0,0,0,0,0,0,0,0,0,0,0,0,0,0,0,0,0,0,0,0,0,0,0,0,0,0,0,0,0,0,0,0,0,0,0,0,0,0,0,0,0,0,0,0,0,0,0,0,0,0,0,0,0,0,0,0,0,0,0,0,0,0,0,0,0
0,0,,,0,0,0,0,0,0,0,0,0,0,0,0,0,0,0,0,0,0,0,0,0,0,0,0,0,0,0,0,0,0,0,0,0,0,0,0,0,0,0,0,0,0,0,0,0,0,0,0,0,0,0,0,0,0,0,0,0,0,0,0,0,0,0,0,0,0,0
0,0,,,0,0,0,0,0,0,0,0,0,0,0,0,0,0,0,0,0,0,0,0,0,0,0,0,0,0,0,0,0,0,0,0,0,0,0,0,0,0,0,0,0,0,0,0,0,0,0,0,0,0,0,0,0,0,0,0,0,0,0,0,0,0,0,0,0,0,0
0,0,,,0,0,0,0,0,0,0,0,0,0,0,0,0,0,0,0,0,0,0,0,0,0,0,0,0,0,0,0,0,0,0,0,0,0,0,0,0,0,0,0,0,0,0,0,0,0,0,0,0,0,0,0,0,0,0,0,0,0,0,0,0,0,0,0,0,0,0
0,0,,,0,0,0,0,0,0,0,0,0,0,0,0,0,0,0,0,0,0,0,0,0,0,0,0,0,0,0,0,0,0,0,0,0,0,0,0,0,0,0,0,0,0,0,0,0,0,0,0,0,0,0,0,0,0,0,0,0,0,0,0,0,0,0,0,0,0,0
0,0,,,0,0,0,0,0,0,0,0,0,0,0,0,0,0,0,0,0,0,0,0,0,0,0,0,0,0,0,0,0,0,0,0,0,0,0,0,0,0,0,0,0,0,0,0,0,0,0,0,0,0,0,0,0,0,0,0,0,0,0,0,0,0,0,0,0,0,0
0,0,,,0,0,0,0,0,0,0,0,0,0,0,0,0,0,0,0,0,0,0,0,0,0,0,0,0,0,0,0,0,0,0,0,0,0,0,0,0,0,0,0,0,0,0,0,0,0,0,0,0,0,0,0,0,0,0,0,0,0,0,0,0,0,0,0,0,0,0
0,0,,,0,0,0,0,0,0,0,0,0,0,0,0,0,0,0,0,0,0,0,0,0,0,0,0,0,0,0,0,0,0,0,0,0,0,0,0,0,0,0,0,0,0,0,0,0,0,0,0,0,0,0,0,0,0,0,0,0,0,0,0,0,0,0,0,0,0,0
0,0,,,0,0,0,0,0,0,0,0,0,0,0,0,0,0,0,0,0,0,0,0,0,0,0,0,0,0,0,0,0,0,0,0,0,0,0,0,0,0,0,0,0,0,0,0,0,0,0,0,0,0,0,0,0,0,0,0,0,0,0,0,0,0,0,0,0,0,0
0,0,,,0,0,0,0,0,0,0,0,0,0,0,0,0,0,0,0,0,0,0,0,0,0,0,0,0,0,0,0,0,0,0,0,0,0,0,0,0,0,0,0,0,0,0,0,0,0,0,0,0,0,0,0,0,0,0,0,0,0,0,0,0,0,0,0,0,0,0
0,0,,,0,0,0,0,0,0,0,0,0,0,0,0,0,0,0,0,0,0,0,0,0,0,0,0,0,0,0,0,0,0,0,0,0,0,0,0,0,0,0,0,0,0,0,0,0,0,0,0,0,0,0,0,0,0,0,0,0,0,0,0,0,0,0,0,0,0,0
0,0,,,0,0,0,0,0,0,0,0,0,0,0,0,0,0,0,0,0,0,0,0,0,0,0,0,0,0,0,0,0,0,0,0,0,0,0,0,0,0,0,0,0,0,0,0,0,0,0,0,0,0,0,0,0,0,0,0,0,0,0,0,0,0,0,0,0,0,0
0,0,,,0,0,0,0,0,0,0,0,0,0,0,0,0,0,0,0,0,0,0,0,0,0,0,0,0,0,0,0,0,0,0,0,0,0,0,0,0,0,0,0,0,0,0,0,0,0,0,0,0,0,0,0,0,0,0,0,0,0,0,0,0,0,0,0,0,0,0
0,0,,,0,0,0,0,0,0,0,0,0,0,0,0,0,0,0,0,0,0,0,0,0,0,0,0,0,0,0,0,0,0,0,0,0,0,0,0,0,0,0,0,0,0,0,0,0,0,0,0,0,0,0,0,0,0,0,0,0,0,0,0,0,0,0,0,0,0,0
0,0,,,0,0,0,0,0,0,0,0,0,0,0,0,0,0,0,0,0,0,0,0,0,0,0,0,0,0,0,0,0,0,0,0,0,0,0,0,0,0,0,0,0,0,0,0,0,0,0,0,0,0,0,0,0,0,0,0,0,0,0,0,0,0,0,0,0,0,0
0,0,,,0,0,0,0,0,0,0,0,0,0,0,0,0,0,0,0,0,0,0,0,0,0,0,0,0,0,0,0,0,0,0,0,0,0,0,0,0,0,0,0,0,0,0,0,0,0,0,0,0,0,0,0,0,0,0,0,0,0,0,0,0,0,0,0,0,0,0
0,0,,,0,0,0,0,0,0,0,0,0,0,0,0,0,0,0,0,0,0,0,0,0,0,0,0,0,0,0,0,0,0,0,0,0,0,0,0,0,0,0,0,0,0,0,0,0,0,0,0,0,0,0,0,0,0,0,0,0,0,0,0,0,0,0,0,0,0,0
0,0,,,0,0,0,0,0,0,0,0,0,0,0,0,0,0,0,0,0,0,0,0,0,0,0,0,0,0,0,0,0,0,0,0,0,0,0,0,0,0,0,0,0,0,0,0,0,0,0,0,0,0,0,0,0,0,0,0,0,0,0,0,0,0,0,0,0,0,0
0,0,,,0,0,0,0,0,0,0,0,0,0,0,0,0,0,0,0,0,0,0,0,0,0,0,0,0,0,0,0,0,0,0,0,0,0,0,0,0,0,0,0,0,0,0,0,0,0,0,0,0,0,0,0,0,0,0,0,0,0,0,0,0,0,0,0,0,0,0
0,0,,,0,0,0,0,0,0,0,0,0,0,0,0,0,0,0,0,0,0,0,0,0,0,0,0,0,0,0,0,0,0,0,0,0,0,0,0,0,0,0,0,0,0,0,0,0,0,0,0,0,0,0,0,0,0,0,0,0,0,0,0,0,0,0,0,0,0,0
0,0,,,0,0,0,0,0,0,0,0,0,0,0,0,0,0,0,0,0,0,0,0,0,0,0,0,0,0,0,0,0,0,0,0,0,0,0,0,0,0,0,0,0,0,0,0,0,0,0,0,0,0,0,0,0,0,0,0,0,0,0,0,0,0,0,0,0,0,0
0,0,,,0,0,0,0,0,0,0,0,0,0,0,0,0,0,0,0,0,0,0,0,0,0,0,0,0,0,0,0,0,0,0,0,0,0,0,0,0,0,0,0,0,0,0,0,0,0,0,0,0,0,0,0,0,0,0,0,0,0,0,0,0,0,0,0,0,0,0
0,0,,,0,0,0,0,0,0,0,0,0,0,0,0,0,0,0,0,0,0,0,0,0,0,0,0,0,0,0,0,0,0,0,0,0,0,0,0,0,0,0,0,0,0,0,0,0,0,0,0,0,0,0,0,0,0,0,0,0,0,0,0,0,0,0,0,0,0,0
0,0,,,0,0,0,0,0,0,0,0,0,0,0,0,0,0,0,0,0,0,0,0,0,0,0,0,0,0,0,0,0,0,0,0,0,0,0,0,0,0,0,0,0,0,0,0,0,0,0,0,0,0,0,0,0,0,0,0,0,0,0,0,0,0,0,0,0,0,0
0,0,,,0,0,0,0,0,0,0,0,0,0,0,0,0,0,0,0,0,0,0,0,0,0,0,0,0,0,0,0,0,0,0,0,0,0,0,0,0,0,0,0,0,0,0,0,0,0,0,0,0,0,0,0,0,0,0,0,0,0,0,0,0,0,0,0,0,0,0
0,0,,,0,0,0,0,0,0,0,0,0,0,0,0,0,0,0,0,0,0,0,0,0,0,0,0,0,0,0,0,0,0,0,0,0,0,0,0,0,0,0,0,0,0,0,0,0,0,0,0,0,0,0,0,0,0,0,0,0,0,0,0,0,0,0,0,0,0,0
0,0,,,0,0,0,0,0,0,0,0,0,0,0,0,0,0,0,0,0,0,0,0,0,0,0,0,0,0,0,0,0,0,0,0,0,0,0,0,0,0,0,0,0,0,0,0,0,0,0,0,0,0,0,0,0,0,0,0,0,0,0,0,0,0,0,0,0,0,0
0,0,,,0,0,0,0,0,0,0,0,0,0,0,0,0,0,0,0,0,0,0,0,0,0,0,0,0,0,0,0,0,0,0,0,0,0,0,0,0,0,0,0,0,0,0,0,0,0,0,0,0,0,0,0,0,0,0,0,0,0,0,0,0,0,0,0,0,0,0
0,0,,,0,0,0,0,0,0,0,0,0,0,0,0,0,0,0,0,0,0,0,0,0,0,0,0,0,0,0,0,0,0,0,0,0,0,0,0,0,0,0,0,0,0,0,0,0,0,0,0,0,0,0,0,0,0,0,0,0,0,0,0,0,0,0,0,0,0,0
0,0,,,0,0,0,0,0,0,0,0,0,0,0,0,0,0,0,0,0,0,0,0,0,0,0,0,0,0,0,0,0,0,0,0,0,0,0,0,0,0,0,0,0,0,0,0,0,0,0,0,0,0,0,0,0,0,0,0,0,0,0,0,0,0,0,0,0,0,0
0,0,,,0,0,0,0,0,0,0,0,0,0,0,0,0,0,0,0,0,0,0,0,0,0,0,0,0,0,0,0,0,0,0,0,0,0,0,0,0,0,0,0,0,0,0,0,0,0,0,0,0,0,0,0,0,0,0,0,0,0,0,0,0,0,0,0,0,0,0
0,0,,,0,0,0,0,0,0,0,0,0,0,0,0,0,0,0,0,0,0,0,0,0,0,0,0,0,0,0,0,0,0,0,0,0,0,0,0,0,0,0,0,0,0,0,0,0,0,0,0,0,0,0,0,0,0,0,0,0,0,0,0,0,0,0,0,0,0,0
0,0,,,0,0,0,0,0,0,0,0,0,0,0,0,0,0,0,0,0,0,0,0,0,0,0,0,0,0,0,0,0,0,0,0,0,0,0,0,0,0,0,0,0,0,0,0,0,0,0,0,0,0,0,0,0,0,0,0,0,0,0,0,0,0,0,0,0,0,0
0,0,,,0,0,0,0,0,0,0,0,0,0,0,0,0,0,0,0,0,0,0,0,0,0,0,0,0,0,0,0,0,0,0,0,0,0,0,0,0,0,0,0,0,0,0,0,0,0,0,0,0,0,0,0,0,0,0,0,0,0,0,0,0,0,0,0,0,0,0
0,0,,,0,0,0,0,0,0,0,0,0,0,0,0,0,0,0,0,0,0,0,0,0,0,0,0,0,0,0,0,0,0,0,0,0,0,0,0,0,0,0,0,0,0,0,0,0,0,0,0,0,0,0,0,0,0,0,0,0,0,0,0,0,0,0,0,0,0,0
0,0,,,0,0,0,0,0,0,0,0,0,0,0,0,0,0,0,0,0,0,0,0,0,0,0,0,0,0,0,0,0,0,0,0,0,0,0,0,0,0,0,0,0,0,0,0,0,0,0,0,0,0,0,0,0,0,0,0,0,0,0,0,0,0,0,0,0,0,0
0,0,,,0,0,0,0,0,0,0,0,0,0,0,0,0,0,0,0,0,0,0,0,0,0,0,0,0,0,0,0,0,0,0,0,0,0,0,0,0,0,0,0,0,0,0,0,0,0,0,0,0,0,0,0,0,0,0,0,0,0,0,0,0,0,0,0,0,0,0
0,0,,,0,0,0,0,0,0,0,0,0,0,0,0,0,0,0,0,0,0,0,0,0,0,0,0,0,0,0,0,0,0,0,0,0,0,0,0,0,0,0,0,0,0,0,0,0,0,0,0,0,0,0,0,0,0,0,0,0,0,0,0,0,0,0,0,0,0,0
0,0,,,0,0,0,0,0,0,0,0,0,0,0,0,0,0,0,0,0,0,0,0,0,0,0,0,0,0,0,0,0,0,0,0,0,0,0,0,0,0,0,0,0,0,0,0,0,0,0,0,0,0,0,0,0,0,0,0,0,0,0,0,0,0,0,0,0,0,0
0,0,,,0,0,0,0,0,0,0,0,0,0,0,0,0,0,0,0,0,0,0,0,0,0,0,0,0,0,0,0,0,0,0,0,0,0,0,0,0,0,0,0,0,0,0,0,0,0,0,0,0,0,0,0,0,0,0,0,0,0,0,0,0,0,0,0,0,0,0
0,0,,,0,0,0,0,0,0,0,0,0,0,0,0,0,0,0,0,0,0,0,0,0,0,0,0,0,0,0,0,0,0,0,0,0,0,0,0,0,0,0,0,0,0,0,0,0,0,0,0,0,0,0,0,0,0,0,0,0,0,0,0,0,0,0,0,0,0,0
0,0,,,0,0,0,0,0,0,0,0,0,0,0,0,0,0,0,0,0,0,0,0,0,0,0,0,0,0,0,0,0,0,0,0,0,0,0,0,0,0,0,0,0,0,0,0,0,0,0,0,0,0,0,0,0,0,0,0,0,0,0,0,0,0,0,0,0,0,0
0,0,,,0,0,0,0,0,0,0,0,0,0,0,0,0,0,0,0,0,0,0,0,0,0,0,0,0,0,0,0,0,0,0,0,0,0,0,0,0,0,0,0,0,0,0,0,0,0,0,0,0,0,0,0,0,0,0,0,0,0,0,0,0,0,0,0,0,0,0
0,0,,,0,0,0,0,0,0,0,0,0,0,0,0,0,0,0,0,0,0,0,0,0,0,0,0,0,0,0,0,0,0,0,0,0,0,0,0,0,0,0,0,0,0,0,0,0,0,0,0,0,0,0,0,0,0,0,0,0,0,0,0,0,0,0,0,0,0,0
0,0,,,0,0,0,0,0,0,0,0,0,0,0,0,0,0,0,0,0,0,0,0,0,0,0,0,0,0,0,0,0,0,0,0,0,0,0,0,0,0,0,0,0,0,0,0,0,0,0,0,0,0,0,0,0,0,0,0,0,0,0,0,0,0,0,0,0,0,0
0,0,,,0,0,0,0,0,0,0,0,0,0,0,0,0,0,0,0,0,0,0,0,0,0,0,0,0,0,0,0,0,0,0,0,0,0,0,0,0,0,0,0,0,0,0,0,0,0,0,0,0,0,0,0,0,0,0,0,0,0,0,0,0,0,0,0,0,0,0
0,0,,,0,0,0,0,0,0,0,0,0,0,0,0,0,0,0,0,0,0,0,0,0,0,0,0,0,0,0,0,0,0,0,0,0,0,0,0,0,0,0,0,0,0,0,0,0,0,0,0,0,0,0,0,0,0,0,0,0,0,0,0,0,0,0,0,0,0,0
0,0,,,0,0,0,0,0,0,0,0,0,0,0,0,0,0,0,0,0,0,0,0,0,0,0,0,0,0,0,0,0,0,0,0,0,0,0,0,0,0,0,0,0,0,0,0,0,0,0,0,0,0,0,0,0,0,0,0,0,0,0,0,0,0,0,0,0,0,0
0,0,,,0,0,0,0,0,0,0,0,0,0,0,0,0,0,0,0,0,0,0,0,0,0,0,0,0,0,0,0,0,0,0,0,0,0,0,0,0,0,0,0,0,0,0,0,0,0,0,0,0,0,0,0,0,0,0,0,0,0,0,0,0,0,0,0,0,0,0
0,0,,,0,0,0,0,0,0,0,0,0,0,0,0,0,0,0,0,0,0,0,0,0,0,0,0,0,0,0,0,0,0,0,0,0,0,0,0,0,0,0,0,0,0,0,0,0,0,0,0,0,0,0,0,0,0,0,0,0,0,0,0,0,0,0,0,0,0,0
0,0,,,0,0,0,0,0,0,0,0,0,0,0,0,0,0,0,0,0,0,0,0,0,0,0,0,0,0,0,0,0,0,0,0,0,0,0,0,0,0,0,0,0,0,0,0,0,0,0,0,0,0,0,0,0,0,0,0,0,0,0,0,0,0,0,0,0,0,0
0,0,,,0,0,0,0,0,0,0,0,0,0,0,0,0,0,0,0,0,0,0,0,0,0,0,0,0,0,0,0,0,0,0,0,0,0,0,0,0,0,0,0,0,0,0,0,0,0,0,0,0,0,0,0,0,0,0,0,0,0,0,0,0,0,0,0,0,0,0
0,0,,,0,0,0,0,0,0,0,0,0,0,0,0,0,0,0,0,0,0,0,0,0,0,0,0,0,0,0,0,0,0,0,0,0,0,0,0,0,0,0,0,0,0,0,0,0,0,0,0,0,0,0,0,0,0,0,0,0,0,0,0,0,0,0,0,0,0,0
0,0,,,0,0,0,0,0,0,0,0,0,0,0,0,0,0,0,0,0,0,0,0,0,0,0,0,0,0,0,0,0,0,0,0,0,0,0,0,0,0,0,0,0,0,0,0,0,0,0,0,0,0,0,0,0,0,0,0,0,0,0,0,0,0,0,0,0,0,0
0,0,,,0,0,0,0,0,0,0,0,0,0,0,0,0,0,0,0,0,0,0,0,0,0,0,0,0,0,0,0,0,0,0,0,0,0,0,0,0,0,0,0,0,0,0,0,0,0,0,0,0,0,0,0,0,0,0,0,0,0,0,0,0,0,0,0,0,0,0
0,0,,,0,0,0,0,0,0,0,0,0,0,0,0,0,0,0,0,0,0,0,0,0,0,0,0,0,0,0,0,0,0,0,0,0,0,0,0,0,0,0,0,0,0,0,0,0,0,0,0,0,0,0,0,0,0,0,0,0,0,0,0,0,0,0,0,0,0,0
0,0,,,0,0,0,0,0,0,0,0,0,0,0,0,0,0,0,0,0,0,0,0,0,0,0,0,0,0,0,0,0,0,0,0,0,0,0,0,0,0,0,0,0,0,0,0,0,0,0,0,0,0,0,0,0,0,0,0,0,0,0,0,0,0,0,0,0,0,0
0,0,,,0,0,0,0,0,0,0,0,0,0,0,0,0,0,0,0,0,0,0,0,0,0,0,0,0,0,0,0,0,0,0,0,0,0,0,0,0,0,0,0,0,0,0,0,0,0,0,0,0,0,0,0,0,0,0,0,0,0,0,0,0,0,0,0,0,0,0
0,0,,,0,0,0,0,0,0,0,0,0,0,0,0,0,0,0,0,0,0,0,0,0,0,0,0,0,0,0,0,0,0,0,0,0,0,0,0,0,0,0,0,0,0,0,0,0,0,0,0,0,0,0,0,0,0,0,0,0,0,0,0,0,0,0,0,0,0,0
0,0,,,0,0,0,0,0,0,0,0,0,0,0,0,0,0,0,0,0,0,0,0,0,0,0,0,0,0,0,0,0,0,0,0,0,0,0,0,0,0,0,0,0,0,0,0,0,0,0,0,0,0,0,0,0,0,0,0,0,0,0,0,0,0,0,0,0,0,0
0,0,,,0,0,0,0,0,0,0,0,0,0,0,0,0,0,0,0,0,0,0,0,0,0,0,0,0,0,0,0,0,0,0,0,0,0,0,0,0,0,0,0,0,0,0,0,0,0,0,0,0,0,0,0,0,0,0,0,0,0,0,0,0,0,0,0,0,0,0
0,0,,,0,0,0,0,0,0,0,0,0,0,0,0,0,0,0,0,0,0,0,0,0,0,0,0,0,0,0,0,0,0,0,0,0,0,0,0,0,0,0,0,0,0,0,0,0,0,0,0,0,0,0,0,0,0,0,0,0,0,0,0,0,0,0,0,0,0,0
0,0,,,0,0,0,0,0,0,0,0,0,0,0,0,0,0,0,0,0,0,0,0,0,0,0,0,0,0,0,0,0,0,0,0,0,0,0,0,0,0,0,0,0,0,0,0,0,0,0,0,0,0,0,0,0,0,0,0,0,0,0,0,0,0,0,0,0,0,0
0,0,,,0,0,0,0,0,0,0,0,0,0,0,0,0,0,0,0,0,0,0,0,0,0,0,0,0,0,0,0,0,0,0,0,0,0,0,0,0,0,0,0,0,0,0,0,0,0,0,0,0,0,0,0,0,0,0,0,0,0,0,0,0,0,0,0,0,0,0
0,0,,,0,0,0,0,0,0,0,0,0,0,0,0,0,0,0,0,0,0,0,0,0,0,0,0,0,0,0,0,0,0,0,0,0,0,0,0,0,0,0,0,0,0,0,0,0,0,0,0,0,0,0,0,0,0,0,0,0,0,0,0,0,0,0,0,0,0,0
0,0,,,0,0,0,0,0,0,0,0,0,0,0,0,0,0,0,0,0,0,0,0,0,0,0,0,0,0,0,0,0,0,0,0,0,0,0,0,0,0,0,0,0,0,0,0,0,0,0,0,0,0,0,0,0,0,0,0,0,0,0,0,0,0,0,0,0,0,0
0,0,,,0,0,0,0,0,0,0,0,0,0,0,0,0,0,0,0,0,0,0,0,0,0,0,0,0,0,0,0,0,0,0,0,0,0,0,0,0,0,0,0,0,0,0,0,0,0,0,0,0,0,0,0,0,0,0,0,0,0,0,0,0,0,0,0,0,0,0
0,0,,,0,0,0,0,0,0,0,0,0,0,0,0,0,0,0,0,0,0,0,0,0,0,0,0,0,0,0,0,0,0,0,0,0,0,0,0,0,0,0,0,0,0,0,0,0,0,0,0,0,0,0,0,0,0,0,0,0,0,0,0,0,0,0,0,0,0,0
0,0,,,0,0,0,0,0,0,0,0,0,0,0,0,0,0,0,0,0,0,0,0,0,0,0,0,0,0,0,0,0,0,0,0,0,0,0,0,0,0,0,0,0,0,0,0,0,0,0,0,0,0,0,0,0,0,0,0,0,0,0,0,0,0,0,0,0,0,0
0,0,,,0,0,0,0,0,0,0,0,0,0,0,0,0,0,0,0,0,0,0,0,0,0,0,0,0,0,0,0,0,0,0,0,0,0,0,0,0,0,0,0,0,0,0,0,0,0,0,0,0,0,0,0,0,0,0,0,0,0,0,0,0,0,0,0,0,0,0
0,0,,,0,0,0,0,0,0,0,0,0,0,0,0,0,0,0,0,0,0,0,0,0,0,0,0,0,0,0,0,0,0,0,0,0,0,0,0,0,0,0,0,0,0,0,0,0,0,0,0,0,0,0,0,0,0,0,0,0,0,0,0,0,0,0,0,0,0,0
0,0,,,0,0,0,0,0,0,0,0,0,0,0,0,0,0,0,0,0,0,0,0,0,0,0,0,0,0,0,0,0,0,0,0,0,0,0,0,0,0,0,0,0,0,0,0,0,0,0,0,0,0,0,0,0,0,0,0,0,0,0,0,0,0,0,0,0,0,0
0,0,,,0,0,0,0,0,0,0,0,0,0,0,0,0,0,0,0,0,0,0,0,0,0,0,0,0,0,0,0,0,0,0,0,0,0,0,0,0,0,0,0,0,0,0,0,0,0,0,0,0,0,0,0,0,0,0,0,0,0,0,0,0,0,0,0,0,0,0
0,0,,,0,0,0,0,0,0,0,0,0,0,0,0,0,0,0,0,0,0,0,0,0,0,0,0,0,0,0,0,0,0,0,0,0,0,0,0,0,0,0,0,0,0,0,0,0,0,0,0,0,0,0,0,0,0,0,0,0,0,0,0,0,0,0,0,0,0,0
0,0,,,0,0,0,0,0,0,0,0,0,0,0,0,0,0,0,0,0,0,0,0,0,0,0,0,0,0,0,0,0,0,0,0,0,0,0,0,0,0,0,0,0,0,0,0,0,0,0,0,0,0,0,0,0,0,0,0,0,0,0,0,0,0,0,0,0,0,0
0,0,,,0,0,0,0,0,0,0,0,0,0,0,0,0,0,0,0,0,0,0,0,0,0,0,0,0,0,0,0,0,0,0,0,0,0,0,0,0,0,0,0,0,0,0,0,0,0,0,0,0,0,0,0,0,0,0,0,0,0,0,0,0,0,0,0,0,0,0
0,0,,,0,0,0,0,0,0,0,0,0,0,0,0,0,0,0,0,0,0,0,0,0,0,0,0,0,0,0,0,0,0,0,0,0,0,0,0,0,0,0,0,0,0,0,0,0,0,0,0,0,0,0,0,0,0,0,0,0,0,0,0,0,0,0,0,0,0,0
0,0,,,0,0,0,0,0,0,0,0,0,0,0,0,0,0,0,0,0,0,0,0,0,0,0,0,0,0,0,0,0,0,0,0,0,0,0,0,0,0,0,0,0,0,0,0,0,0,0,0,0,0,0,0,0,0,0,0,0,0,0,0,0,0,0,0,0,0,0
0,0,,,0,0,0,0,0,0,0,0,0,0,0,0,0,0,0,0,0,0,0,0,0,0,0,0,0,0,0,0,0,0,0,0,0,0,0,0,0,0,0,0,0,0,0,0,0,0,0,0,0,0,0,0,0,0,0,0,0,0,0,0,0,0,0,0,0,0,0
0,0,,,0,0,0,0,0,0,0,0,0,0,0,0,0,0,0,0,0,0,0,0,0,0,0,0,0,0,0,0,0,0,0,0,0,0,0,0,0,0,0,0,0,0,0,0,0,0,0,0,0,0,0,0,0,0,0,0,0,0,0,0,0,0,0,0,0,0,0
0,0,,,0,0,0,0,0,0,0,0,0,0,0,0,0,0,0,0,0,0,0,0,0,0,0,0,0,0,0,0,0,0,0,0,0,0,0,0,0,0,0,0,0,0,0,0,0,0,0,0,0,0,0,0,0,0,0,0,0,0,0,0,0,0,0,0,0,0,0
0,0,,,0,0,0,0,0,0,0,0,0,0,0,0,0,0,0,0,0,0,0,0,0,0,0,0,0,0,0,0,0,0,0,0,0,0,0,0,0,0,0,0,0,0,0,0,0,0,0,0,0,0,0,0,0,0,0,0,0,0,0,0,0,0,0,0,0,0,0
0,0,,,0,0,0,0,0,0,0,0,0,0,0,0,0,0,0,0,0,0,0,0,0,0,0,0,0,0,0,0,0,0,0,0,0,0,0,0,0,0,0,0,0,0,0,0,0,0,0,0,0,0,0,0,0,0,0,0,0,0,0,0,0,0,0,0,0,0,0
0,0,,,0,0,0,0,0,0,0,0,0,0,0,0,0,0,0,0,0,0,0,0,0,0,0,0,0,0,0,0,0,0,0,0,0,0,0,0,0,0,0,0,0,0,0,0,0,0,0,0,0,0,0,0,0,0,0,0,0,0,0,0,0,0,0,0,0,0,0
0,0,,,0,0,0,0,0,0,0,0,0,0,0,0,0,0,0,0,0,0,0,0,0,0,0,0,0,0,0,0,0,0,0,0,0,0,0,0,0,0,0,0,0,0,0,0,0,0,0,0,0,0,0,0,0,0,0,0,0,0,0,0,0,0,0,0,0,0,0
0,0,,,0,0,0,0,0,0,0,0,0,0,0,0,0,0,0,0,0,0,0,0,0,0,0,0,0,0,0,0,0,0,0,0,0,0,0,0,0,0,0,0,0,0,0,0,0,0,0,0,0,0,0,0,0,0,0,0,0,0,0,0,0,0,0,0,0,0,0
0,0,,,0,0,0,0,0,0,0,0,0,0,0,0,0,0,0,0,0,0,0,0,0,0,0,0,0,0,0,0,0,0,0,0,0,0,0,0,0,0,0,0,0,0,0,0,0,0,0,0,0,0,0,0,0,0,0,0,0,0,0,0,0,0,0,0,0,0,0
0,0,,,0,0,0,0,0,0,0,0,0,0,0,0,0,0,0,0,0,0,0,0,0,0,0,0,0,0,0,0,0,0,0,0,0,0,0,0,0,0,0,0,0,0,0,0,0,0,0,0,0,0,0,0,0,0,0,0,0,0,0,0,0,0,0,0,0,0,0
0,0,,,0,0,0,0,0,0,0,0,0,0,0,0,0,0,0,0,0,0,0,0,0,0,0,0,0,0,0,0,0,0,0,0,0,0,0,0,0,0,0,0,0,0,0,0,0,0,0,0,0,0,0,0,0,0,0,0,0,0,0,0,0,0,0,0,0,0,0
0,0,,,0,0,0,0,0,0,0,0,0,0,0,0,0,0,0,0,0,0,0,0,0,0,0,0,0,0,0,0,0,0,0,0,0,0,0,0,0,0,0,0,0,0,0,0,0,0,0,0,0,0,0,0,0,0,0,0,0,0,0,0,0,0,0,0,0,0,0
0,0,,,0,0,0,0,0,0,0,0,0,0,0,0,0,0,0,0,0,0,0,0,0,0,0,0,0,0,0,0,0,0,0,0,0,0,0,0,0,0,0,0,0,0,0,0,0,0,0,0,0,0,0,0,0,0,0,0,0,0,0,0,0,0,0,0,0,0,0
0,0,,,0,0,0,0,0,0,0,0,0,0,0,0,0,0,0,0,0,0,0,0,0,0,0,0,0,0,0,0,0,0,0,0,0,0,0,0,0,0,0,0,0,0,0,0,0,0,0,0,0,0,0,0,0,0,0,0,0,0,0,0,0,0,0,0,0,0,0
0,0,,,0,0,0,0,0,0,0,0,0,0,0,0,0,0,0,0,0,0,0,0,0,0,0,0,0,0,0,0,0,0,0,0,0,0,0,0,0,0,0,0,0,0,0,0,0,0,0,0,0,0,0,0,0,0,0,0,0,0,0,0,0,0,0,0,0,0,0
0,0,,,0,0,0,0,0,0,0,0,0,0,0,0,0,0,0,0,0,0,0,0,0,0,0,0,0,0,0,0,0,0,0,0,0,0,0,0,0,0,0,0,0,0,0,0,0,0,0,0,0,0,0,0,0,0,0,0,0,0,0,0,0,0,0,0,0,0,0
0,0,,,0,0,0,0,0,0,0,0,0,0,0,0,0,0,0,0,0,0,0,0,0,0,0,0,0,0,0,0,0,0,0,0,0,0,0,0,0,0,0,0,0,0,0,0,0,0,0,0,0,0,0,0,0,0,0,0,0,0,0,0,0,0,0,0,0,0,0
0,0,,,0,0,0,0,0,0,0,0,0,0,0,0,0,0,0,0,0,0,0,0,0,0,0,0,0,0,0,0,0,0,0,0,0,0,0,0,0,0,0,0,0,0,0,0,0,0,0,0,0,0,0,0,0,0,0,0,0,0,0,0,0,0,0,0,0,0,0
0,0,,,0,0,0,0,0,0,0,0,0,0,0,0,0,0,0,0,0,0,0,0,0,0,0,0,0,0,0,0,0,0,0,0,0,0,0,0,0,0,0,0,0,0,0,0,0,0,0,0,0,0,0,0,0,0,0,0,0,0,0,0,0,0,0,0,0,0,0
0,0,,,0,0,0,0,0,0,0,0,0,0,0,0,0,0,0,0,0,0,0,0,0,0,0,0,0,0,0,0,0,0,0,0,0,0,0,0,0,0,0,0,0,0,0,0,0,0,0,0,0,0,0,0,0,0,0,0,0,0,0,0,0,0,0,0,0,0,0
0,0,,,0,0,0,0,0,0,0,0,0,0,0,0,0,0,0,0,0,0,0,0,0,0,0,0,0,0,0,0,0,0,0,0,0,0,0,0,0,0,0,0,0,0,0,0,0,0,0,0,0,0,0,0,0,0,0,0,0,0,0,0,0,0,0,0,0,0,0
0,0,,,0,0,0,0,0,0,0,0,0,0,0,0,0,0,0,0,0,0,0,0,0,0,0,0,0,0,0,0,0,0,0,0,0,0,0,0,0,0,0,0,0,0,0,0,0,0,0,0,0,0,0,0,0,0,0,0,0,0,0,0,0,0,0,0,0,0,0
0,0,,,0,0,0,0,0,0,0,0,0,0,0,0,0,0,0,0,0,0,0,0,0,0,0,0,0,0,0,0,0,0,0,0,0,0,0,0,0,0,0,0,0,0,0,0,0,0,0,0,0,0,0,0,0,0,0,0,0,0,0,0,0,0,0,0,0,0,0
0,0,,,0,0,0,0,0,0,0,0,0,0,0,0,0,0,0,0,0,0,0,0,0,0,0,0,0,0,0,0,0,0,0,0,0,0,0,0,0,0,0,0,0,0,0,0,0,0,0,0,0,0,0,0,0,0,0,0,0,0,0,0,0,0,0,0,0,0,0
0,0,,,0,0,0,0,0,0,0,0,0,0,0,0,0,0,0,0,0,0,0,0,0,0,0,0,0,0,0,0,0,0,0,0,0,0,0,0,0,0,0,0,0,0,0,0,0,0,0,0,0,0,0,0,0,0,0,0,0,0,0,0,0,0,0,0,0,0,0
0,0,,,0,0,0,0,0,0,0,0,0,0,0,0,0,0,0,0,0,0,0,0,0,0,0,0,0,0,0,0,0,0,0,0,0,0,0,0,0,0,0,0,0,0,0,0,0,0,0,0,0,0,0,0,0,0,0,0,0,0,0,0,0,0,0,0,0,0,0
0,0,,,0,0,0,0,0,0,0,0,0,0,0,0,0,0,0,0,0,0,0,0,0,0,0,0,0,0,0,0,0,0,0,0,0,0,0,0,0,0,0,0,0,0,0,0,0,0,0,0,0,0,0,0,0,0,0,0,0,0,0,0,0,0,0,0,0,0,0
0,0,,,0,0,0,0,0,0,0,0,0,0,0,0,0,0,0,0,0,0,0,0,0,0,0,0,0,0,0,0,0,0,0,0,0,0,0,0,0,0,0,0,0,0,0,0,0,0,0,0,0,0,0,0,0,0,0,0,0,0,0,0,0,0,0,0,0,0,0
0,0,,,0,0,0,0,0,0,0,0,0,0,0,0,0,0,0,0,0,0,0,0,0,0,0,0,0,0,0,0,0,0,0,0,0,0,0,0,0,0,0,0,0,0,0,0,0,0,0,0,0,0,0,0,0,0,0,0,0,0,0,0,0,0,0,0,0,0,0
0,0,,,0,0,0,0,0,0,0,0,0,0,0,0,0,0,0,0,0,0,0,0,0,0,0,0,0,0,0,0,0,0,0,0,0,0,0,0,0,0,0,0,0,0,0,0,0,0,0,0,0,0,0,0,0,0,0,0,0,0,0,0,0,0,0,0,0,0,0
0,0,,,0,0,0,0,0,0,0,0,0,0,0,0,0,0,0,0,0,0,0,0,0,0,0,0,0,0,0,0,0,0,0,0,0,0,0,0,0,0,0,0,0,0,0,0,0,0,0,0,0,0,0,0,0,0,0,0,0,0,0,0,0,0,0,0,0,0,0
0,0,,,0,0,0,0,0,0,0,0,0,0,0,0,0,0,0,0,0,0,0,0,0,0,0,0,0,0,0,0,0,0,0,0,0,0,0,0,0,0,0,0,0,0,0,0,0,0,0,0,0,0,0,0,0,0,0,0,0,0,0,0,0,0,0,0,0,0,0
0,0,,,0,0,0,0,0,0,0,0,0,0,0,0,0,0,0,0,0,0,0,0,0,0,0,0,0,0,0,0,0,0,0,0,0,0,0,0,0,0,0,0,0,0,0,0,0,0,0,0,0,0,0,0,0,0,0,0,0,0,0,0,0,0,0,0,0,0,0
0,0,,,0,0,0,0,0,0,0,0,0,0,0,0,0,0,0,0,0,0,0,0,0,0,0,0,0,0,0,0,0,0,0,0,0,0,0,0,0,0,0,0,0,0,0,0,0,0,0,0,0,0,0,0,0,0,0,0,0,0,0,0,0,0,0,0,0,0,0
0,0,,,0,0,0,0,0,0,0,0,0,0,0,0,0,0,0,0,0,0,0,0,0,0,0,0,0,0,0,0,0,0,0,0,0,0,0,0,0,0,0,0,0,0,0,0,0,0,0,0,0,0,0,0,0,0,0,0,0,0,0,0,0,0,0,0,0,0,0
0,0,,,0,0,0,0,0,0,0,0,0,0,0,0,0,0,0,0,0,0,0,0,0,0,0,0,0,0,0,0,0,0,0,0,0,0,0,0,0,0,0,0,0,0,0,0,0,0,0,0,0,0,0,0,0,0,0,0,0,0,0,0,0,0,0,0,0,0,0
0,0,,,0,0,0,0,0,0,0,0,0,0,0,0,0,0,0,0,0,0,0,0,0,0,0,0,0,0,0,0,0,0,0,0,0,0,0,0,0,0,0,0,0,0,0,0,0,0,0,0,0,0,0,0,0,0,0,0,0,0,0,0,0,0,0,0,0,0,0
0,0,,,0,0,0,0,0,0,0,0,0,0,0,0,0,0,0,0,0,0,0,0,0,0,0,0,0,0,0,0,0,0,0,0,0,0,0,0,0,0,0,0,0,0,0,0,0,0,0,0,0,0,0,0,0,0,0,0,0,0,0,0,0,0,0,0,0,0,0
0,0,,,0,0,0,0,0,0,0,0,0,0,0,0,0,0,0,0,0,0,0,0,0,0,0,0,0,0,0,0,0,0,0,0,0,0,0,0,0,0,0,0,0,0,0,0,0,0,0,0,0,0,0,0,0,0,0,0,0,0,0,0,0,0,0,0,0,0,0
0,0,,,0,0,0,0,0,0,0,0,0,0,0,0,0,0,0,0,0,0,0,0,0,0,0,0,0,0,0,0,0,0,0,0,0,0,0,0,0,0,0,0,0,0,0,0,0,0,0,0,0,0,0,0,0,0,0,0,0,0,0,0,0,0,0,0,0,0,0
0,0,,,0,0,0,0,0,0,0,0,0,0,0,0,0,0,0,0,0,0,0,0,0,0,0,0,0,0,0,0,0,0,0,0,0,0,0,0,0,0,0,0,0,0,0,0,0,0,0,0,0,0,0,0,0,0,0,0,0,0,0,0,0,0,0,0,0,0,0
0,0,,,0,0,0,0,0,0,0,0,0,0,0,0,0,0,0,0,0,0,0,0,0,0,0,0,0,0,0,0,0,0,0,0,0,0,0,0,0,0,0,0,0,0,0,0,0,0,0,0,0,0,0,0,0,0,0,0,0,0,0,0,0,0,0,0,0,0,0
0,0,,,0,0,0,0,0,0,0,0,0,0,0,0,0,0,0,0,0,0,0,0,0,0,0,0,0,0,0,0,0,0,0,0,0,0,0,0,0,0,0,0,0,0,0,0,0,0,0,0,0,0,0,0,0,0,0,0,0,0,0,0,0,0,0,0,0,0,0
0,0,,,0,0,0,0,0,0,0,0,0,0,0,0,0,0,0,0,0,0,0,0,0,0,0,0,0,0,0,0,0,0,0,0,0,0,0,0,0,0,0,0,0,0,0,0,0,0,0,0,0,0,0,0,0,0,0,0,0,0,0,0,0,0,0,0,0,0,0
0,0,,,0,0,0,0,0,0,0,0,0,0,0,0,0,0,0,0,0,0,0,0,0,0,0,0,0,0,0,0,0,0,0,0,0,0,0,0,0,0,0,0,0,0,0,0,0,0,0,0,0,0,0,0,0,0,0,0,0,0,0,0,0,0,0,0,0,0,0
0,0,,,0,0,0,0,0,0,0,0,0,0,0,0,0,0,0,0,0,0,0,0,0,0,0,0,0,0,0,0,0,0,0,0,0,0,0,0,0,0,0,0,0,0,0,0,0,0,0,0,0,0,0,0,0,0,0,0,0,0,0,0,0,0,0,0,0,0,0
0,0,,,0,0,0,0,0,0,0,0,0,0,0,0,0,0,0,0,0,0,0,0,0,0,0,0,0,0,0,0,0,0,0,0,0,0,0,0,0,0,0,0,0,0,0,0,0,0,0,0,0,0,0,0,0,0,0,0,0,0,0,0,0,0,0,0,0,0,0
0,0,,,0,0,0,0,0,0,0,0,0,0,0,0,0,0,0,0,0,0,0,0,0,0,0,0,0,0,0,0,0,0,0,0,0,0,0,0,0,0,0,0,0,0,0,0,0,0,0,0,0,0,0,0,0,0,0,0,0,0,0,0,0,0,0,0,0,0,0
0,0,,,0,0,0,0,0,0,0,0,0,0,0,0,0,0,0,0,0,0,0,0,0,0,0,0,0,0,0,0,0,0,0,0,0,0,0,0,0,0,0,0,0,0,0,0,0,0,0,0,0,0,0,0,0,0,0,0,0,0,0,0,0,0,0,0,0,0,0
0,0,,,0,0,0,0,0,0,0,0,0,0,0,0,0,0,0,0,0,0,0,0,0,0,0,0,0,0,0,0,0,0,0,0,0,0,0,0,0,0,0,0,0,0,0,0,0,0,0,0,0,0,0,0,0,0,0,0,0,0,0,0,0,0,0,0,0,0,0
0,0,,,0,0,0,0,0,0,0,0,0,0,0,0,0,0,0,0,0,0,0,0,0,0,0,0,0,0,0,0,0,0,0,0,0,0,0,0,0,0,0,0,0,0,0,0,0,0,0,0,0,0,0,0,0,0,0,0,0,0,0,0,0,0,0,0,0,0,0
0,0,,,0,0,0,0,0,0,0,0,0,0,0,0,0,0,0,0,0,0,0,0,0,0,0,0,0,0,0,0,0,0,0,0,0,0,0,0,0,0,0,0,0,0,0,0,0,0,0,0,0,0,0,0,0,0,0,0,0,0,0,0,0,0,0,0,0,0,0
0,0,,,0,0,0,0,0,0,0,0,0,0,0,0,0,0,0,0,0,0,0,0,0,0,0,0,0,0,0,0,0,0,0,0,0,0,0,0,0,0,0,0,0,0,0,0,0,0,0,0,0,0,0,0,0,0,0,0,0,0,0,0,0,0,0,0,0,0,0
0,0,,,0,0,0,0,0,0,0,0,0,0,0,0,0,0,0,0,0,0,0,0,0,0,0,0,0,0,0,0,0,0,0,0,0,0,0,0,0,0,0,0,0,0,0,0,0,0,0,0,0,0,0,0,0,0,0,0,0,0,0,0,0,0,0,0,0,0,0
0,0,,,0,0,0,0,0,0,0,0,0,0,0,0,0,0,0,0,0,0,0,0,0,0,0,0,0,0,0,0,0,0,0,0,0,0,0,0,0,0,0,0,0,0,0,0,0,0,0,0,0,0,0,0,0,0,0,0,0,0,0,0,0,0,0,0,0,0,0
0,0,,,0,0,0,0,0,0,0,0,0,0,0,0,0,0,0,0,0,0,0,0,0,0,0,0,0,0,0,0,0,0,0,0,0,0,0,0,0,0,0,0,0,0,0,0,0,0,0,0,0,0,0,0,0,0,0,0,0,0,0,0,0,0,0,0,0,0,0
0,0,,,0,0,0,0,0,0,0,0,0,0,0,0,0,0,0,0,0,0,0,0,0,0,0,0,0,0,0,0,0,0,0,0,0,0,0,0,0,0,0,0,0,0,0,0,0,0,0,0,0,0,0,0,0,0,0,0,0,0,0,0,0,0,0,0,0,0,0
0,0,,,0,0,0,0,0,0,0,0,0,0,0,0,0,0,0,0,0,0,0,0,0,0,0,0,0,0,0,0,0,0,0,0,0,0,0,0,0,0,0,0,0,0,0,0,0,0,0,0,0,0,0,0,0,0,0,0,0,0,0,0,0,0,0,0,0,0,0
0,0,,,0,0,0,0,0,0,0,0,0,0,0,0,0,0,0,0,0,0,0,0,0,0,0,0,0,0,0,0,0,0,0,0,0,0,0,0,0,0,0,0,0,0,0,0,0,0,0,0,0,0,0,0,0,0,0,0,0,0,0,0,0,0,0,0,0,0,0
0,0,,,0,0,0,0,0,0,0,0,0,0,0,0,0,0,0,0,0,0,0,0,0,0,0,0,0,0,0,0,0,0,0,0,0,0,0,0,0,0,0,0,0,0,0,0,0,0,0,0,0,0,0,0,0,0,0,0,0,0,0,0,0,0,0,0,0,0,0
0,0,,,0,0,0,0,0,0,0,0,0,0,0,0,0,0,0,0,0,0,0,0,0,0,0,0,0,0,0,0,0,0,0,0,0,0,0,0,0,0,0,0,0,0,0,0,0,0,0,0,0,0,0,0,0,0,0,0,0,0,0,0,0,0,0,0,0,0,0
0,0,,,0,0,0,0,0,0,0,0,0,0,0,0,0,0,0,0,0,0,0,0,0,0,0,0,0,0,0,0,0,0,0,0,0,0,0,0,0,0,0,0,0,0,0,0,0,0,0,0,0,0,0,0,0,0,0,0,0,0,0,0,0,0,0,0,0,0,0
0,0,,,0,0,0,0,0,0,0,0,0,0,0,0,0,0,0,0,0,0,0,0,0,0,0,0,0,0,0,0,0,0,0,0,0,0,0,0,0,0,0,0,0,0,0,0,0,0,0,0,0,0,0,0,0,0,0,0,0,0,0,0,0,0,0,0,0,0,0
0,0,,,0,0,0,0,0,0,0,0,0,0,0,0,0,0,0,0,0,0,0,0,0,0,0,0,0,0,0,0,0,0,0,0,0,0,0,0,0,0,0,0,0,0,0,0,0,0,0,0,0,0,0,0,0,0,0,0,0,0,0,0,0,0,0,0,0,0,0
0,0,,,0,0,0,0,0,0,0,0,0,0,0,0,0,0,0,0,0,0,0,0,0,0,0,0,0,0,0,0,0,0,0,0,0,0,0,0,0,0,0,0,0,0,0,0,0,0,0,0,0,0,0,0,0,0,0,0,0,0,0,0,0,0,0,0,0,0,0
0,0,,,0,0,0,0,0,0,0,0,0,0,0,0,0,0,0,0,0,0,0,0,0,0,0,0,0,0,0,0,0,0,0,0,0,0,0,0,0,0,0,0,0,0,0,0,0,0,0,0,0,0,0,0,0,0,0,0,0,0,0,0,0,0,0,0,0,0,0
0,0,,,0,0,0,0,0,0,0,0,0,0,0,0,0,0,0,0,0,0,0,0,0,0,0,0,0,0,0,0,0,0,0,0,0,0,0,0,0,0,0,0,0,0,0,0,0,0,0,0,0,0,0,0,0,0,0,0,0,0,0,0,0,0,0,0,0,0,0
0,0,,,0,0,0,0,0,0,0,0,0,0,0,0,0,0,0,0,0,0,0,0,0,0,0,0,0,0,0,0,0,0,0,0,0,0,0,0,0,0,0,0,0,0,0,0,0,0,0,0,0,0,0,0,0,0,0,0,0,0,0,0,0,0,0,0,0,0,0
0,0,,,0,0,0,0,0,0,0,0,0,0,0,0,0,0,0,0,0,0,0,0,0,0,0,0,0,0,0,0,0,0,0,0,0,0,0,0,0,0,0,0,0,0,0,0,0,0,0,0,0,0,0,0,0,0,0,0,0,0,0,0,0,0,0,0,0,0,0
0,0,,,0,0,0,0,0,0,0,0,0,0,0,0,0,0,0,0,0,0,0,0,0,0,0,0,0,0,0,0,0,0,0,0,0,0,0,0,0,0,0,0,0,0,0,0,0,0,0,0,0,0,0,0,0,0,0,0,0,0,0,0,0,0,0,0,0,0,0
0,0,,,0,0,0,0,0,0,0,0,0,0,0,0,0,0,0,0,0,0,0,0,0,0,0,0,0,0,0,0,0,0,0,0,0,0,0,0,0,0,0,0,0,0,0,0,0,0,0,0,0,0,0,0,0,0,0,0,0,0,0,0,0,0,0,0,0,0,0
0,0,,,0,0,0,0,0,0,0,0,0,0,0,0,0,0,0,0,0,0,0,0,0,0,0,0,0,0,0,0,0,0,0,0,0,0,0,0,0,0,0,0,0,0,0,0,0,0,0,0,0,0,0,0,0,0,0,0,0,0,0,0,0,0,0,0,0,0,0
0,0,,,0,0,0,0,0,0,0,0,0,0,0,0,0,0,0,0,0,0,0,0,0,0,0,0,0,0,0,0,0,0,0,0,0,0,0,0,0,0,0,0,0,0,0,0,0,0,0,0,0,0,0,0,0,0,0,0,0,0,0,0,0,0,0,0,0,0,0
0,0,,,0,0,0,0,0,0,0,0,0,0,0,0,0,0,0,0,0,0,0,0,0,0,0,0,0,0,0,0,0,0,0,0,0,0,0,0,0,0,0,0,0,0,0,0,0,0,0,0,0,0,0,0,0,0,0,0,0,0,0,0,0,0,0,0,0,0,0
0,0,,,0,0,0,0,0,0,0,0,0,0,0,0,0,0,0,0,0,0,0,0,0,0,0,0,0,0,0,0,0,0,0,0,0,0,0,0,0,0,0,0,0,0,0,0,0,0,0,0,0,0,0,0,0,0,0,0,0,0,0,0,0,0,0,0,0,0,0
0,0,,,0,0,0,0,0,0,0,0,0,0,0,0,0,0,0,0,0,0,0,0,0,0,0,0,0,0,0,0,0,0,0,0,0,0,0,0,0,0,0,0,0,0,0,0,0,0,0,0,0,0,0,0,0,0,0,0,0,0,0,0,0,0,0,0,0,0,0
0,0,,,0,0,0,0,0,0,0,0,0,0,0,0,0,0,0,0,0,0,0,0,0,0,0,0,0,0,0,0,0,0,0,0,0,0,0,0,0,0,0,0,0,0,0,0,0,0,0,0,0,0,0,0,0,0,0,0,0,0,0,0,0,0,0,0,0,0,0
0,0,,,0,0,0,0,0,0,0,0,0,0,0,0,0,0,0,0,0,0,0,0,0,0,0,0,0,0,0,0,0,0,0,0,0,0,0,0,0,0,0,0,0,0,0,0,0,0,0,0,0,0,0,0,0,0,0,0,0,0,0,0,0,0,0,0,0,0,0
0,0,,,0,0,0,0,0,0,0,0,0,0,0,0,0,0,0,0,0,0,0,0,0,0,0,0,0,0,0,0,0,0,0,0,0,0,0,0,0,0,0,0,0,0,0,0,0,0,0,0,0,0,0,0,0,0,0,0,0,0,0,0,0,0,0,0,0,0,0
0,0,,,0,0,0,0,0,0,0,0,0,0,0,0,0,0,0,0,0,0,0,0,0,0,0,0,0,0,0,0,0,0,0,0,0,0,0,0,0,0,0,0,0,0,0,0,0,0,0,0,0,0,0,0,0,0,0,0,0,0,0,0,0,0,0,0,0,0,0
0,0,,,0,0,0,0,0,0,0,0,0,0,0,0,0,0,0,0,0,0,0,0,0,0,0,0,0,0,0,0,0,0,0,0,0,0,0,0,0,0,0,0,0,0,0,0,0,0,0,0,0,0,0,0,0,0,0,0,0,0,0,0,0,0,0,0,0,0,0
0,0,,,0,0,0,0,0,0,0,0,0,0,0,0,0,0,0,0,0,0,0,0,0,0,0,0,0,0,0,0,0,0,0,0,0,0,0,0,0,0,0,0,0,0,0,0,0,0,0,0,0,0,0,0,0,0,0,0,0,0,0,0,0,0,0,0,0,0,0
0,0,,,0,0,0,0,0,0,0,0,0,0,0,0,0,0,0,0,0,0,0,0,0,0,0,0,0,0,0,0,0,0,0,0,0,0,0,0,0,0,0,0,0,0,0,0,0,0,0,0,0,0,0,0,0,0,0,0,0,0,0,0,0,0,0,0,0,0,0
0,0,,,0,0,0,0,0,0,0,0,0,0,0,0,0,0,0,0,0,0,0,0,0,0,0,0,0,0,0,0,0,0,0,0,0,0,0,0,0,0,0,0,0,0,0,0,0,0,0,0,0,0,0,0,0,0,0,0,0,0,0,0,0,0,0,0,0,0,0
0,0,,,0,0,0,0,0,0,0,0,0,0,0,0,0,0,0,0,0,0,0,0,0,0,0,0,0,0,0,0,0,0,0,0,0,0,0,0,0,0,0,0,0,0,0,0,0,0,0,0,0,0,0,0,0,0,0,0,0,0,0,0,0,0,0,0,0,0,0
0,0,,,0,0,0,0,0,0,0,0,0,0,0,0,0,0,0,0,0,0,0,0,0,0,0,0,0,0,0,0,0,0,0,0,0,0,0,0,0,0,0,0,0,0,0,0,0,0,0,0,0,0,0,0,0,0,0,0,0,0,0,0,0,0,0,0,0,0,0
0,0,,,0,0,0,0,0,0,0,0,0,0,0,0,0,0,0,0,0,0,0,0,0,0,0,0,0,0,0,0,0,0,0,0,0,0,0,0,0,0,0,0,0,0,0,0,0,0,0,0,0,0,0,0,0,0,0,0,0,0,0,0,0,0,0,0,0,0,0
0,0,,,0,0,0,0,0,0,0,0,0,0,0,0,0,0,0,0,0,0,0,0,0,0,0,0,0,0,0,0,0,0,0,0,0,0,0,0,0,0,0,0,0,0,0,0,0,0,0,0,0,0,0,0,0,0,0,0,0,0,0,0,0,0,0,0,0,0,0
0,0,,,0,0,0,0,0,0,0,0,0,0,0,0,0,0,0,0,0,0,0,0,0,0,0,0,0,0,0,0,0,0,0,0,0,0,0,0,0,0,0,0,0,0,0,0,0,0,0,0,0,0,0,0,0,0,0,0,0,0,0,0,0,0,0,0,0,0,0
0,0,,,0,0,0,0,0,0,0,0,0,0,0,0,0,0,0,0,0,0,0,0,0,0,0,0,0,0,0,0,0,0,0,0,0,0,0,0,0,0,0,0,0,0,0,0,0,0,0,0,0,0,0,0,0,0,0,0,0,0,0,0,0,0,0,0,0,0,0
0,0,,,0,0,0,0,0,0,0,0,0,0,0,0,0,0,0,0,0,0,0,0,0,0,0,0,0,0,0,0,0,0,0,0,0,0,0,0,0,0,0,0,0,0,0,0,0,0,0,0,0,0,0,0,0,0,0,0,0,0,0,0,0,0,0,0,0,0,0
0,0,,,0,0,0,0,0,0,0,0,0,0,0,0,0,0,0,0,0,0,0,0,0,0,0,0,0,0,0,0,0,0,0,0,0,0,0,0,0,0,0,0,0,0,0,0,0,0,0,0,0,0,0,0,0,0,0,0,0,0,0,0,0,0,0,0,0,0,0
0,0,,,0,0,0,0,0,0,0,0,0,0,0,0,0,0,0,0,0,0,0,0,0,0,0,0,0,0,0,0,0,0,0,0,0,0,0,0,0,0,0,0,0,0,0,0,0,0,0,0,0,0,0,0,0,0,0,0,0,0,0,0,0,0,0,0,0,0,0
0,0,,,0,0,0,0,0,0,0,0,0,0,0,0,0,0,0,0,0,0,0,0,0,0,0,0,0,0,0,0,0,0,0,0,0,0,0,0,0,0,0,0,0,0,0,0,0,0,0,0,0,0,0,0,0,0,0,0,0,0,0,0,0,0,0,0,0,0,0
0,0,,,0,0,0,0,0,0,0,0,0,0,0,0,0,0,0,0,0,0,0,0,0,0,0,0,0,0,0,0,0,0,0,0,0,0,0,0,0,0,0,0,0,0,0,0,0,0,0,0,0,0,0,0,0,0,0,0,0,0,0,0,0,0,0,0,0,0,0
0,0,,,0,0,0,0,0,0,0,0,0,0,0,0,0,0,0,0,0,0,0,0,0,0,0,0,0,0,0,0,0,0,0,0,0,0,0,0,0,0,0,0,0,0,0,0,0,0,0,0,0,0,0,0,0,0,0,0,0,0,0,0,0,0,0,0,0,0,0
0,0,,,0,0,0,0,0,0,0,0,0,0,0,0,0,0,0,0,0,0,0,0,0,0,0,0,0,0,0,0,0,0,0,0,0,0,0,0,0,0,0,0,0,0,0,0,0,0,0,0,0,0,0,0,0,0,0,0,0,0,0,0,0,0,0,0,0,0,0
0,0,,,0,0,0,0,0,0,0,0,0,0,0,0,0,0,0,0,0,0,0,0,0,0,0,0,0,0,0,0,0,0,0,0,0,0,0,0,0,0,0,0,0,0,0,0,0,0,0,0,0,0,0,0,0,0,0,0,0,0,0,0,0,0,0,0,0,0,0
0,0,,,0,0,0,0,0,0,0,0,0,0,0,0,0,0,0,0,0,0,0,0,0,0,0,0,0,0,0,0,0,0,0,0,0,0,0,0,0,0,0,0,0,0,0,0,0,0,0,0,0,0,0,0,0,0,0,0,0,0,0,0,0,0,0,0,0,0,0
0,0,,,0,0,0,0,0,0,0,0,0,0,0,0,0,0,0,0,0,0,0,0,0,0,0,0,0,0,0,0,0,0,0,0,0,0,0,0,0,0,0,0,0,0,0,0,0,0,0,0,0,0,0,0,0,0,0,0,0,0,0,0,0,0,0,0,0,0,0
0,0,,,0,0,0,0,0,0,0,0,0,0,0,0,0,0,0,0,0,0,0,0,0,0,0,0,0,0,0,0,0,0,0,0,0,0,0,0,0,0,0,0,0,0,0,0,0,0,0,0,0,0,0,0,0,0,0,0,0,0,0,0,0,0,0,0,0,0,0
0,0,,,0,0,0,0,0,0,0,0,0,0,0,0,0,0,0,0,0,0,0,0,0,0,0,0,0,0,0,0,0,0,0,0,0,0,0,0,0,0,0,0,0,0,0,0,0,0,0,0,0,0,0,0,0,0,0,0,0,0,0,0,0,0,0,0,0,0,0
0,0,,,0,0,0,0,0,0,0,0,0,0,0,0,0,0,0,0,0,0,0,0,0,0,0,0,0,0,0,0,0,0,0,0,0,0,0,0,0,0,0,0,0,0,0,0,0,0,0,0,0,0,0,0,0,0,0,0,0,0,0,0,0,0,0,0,0,0,0
0,0,,,0,0,0,0,0,0,0,0,0,0,0,0,0,0,0,0,0,0,0,0,0,0,0,0,0,0,0,0,0,0,0,0,0,0,0,0,0,0,0,0,0,0,0,0,0,0,0,0,0,0,0,0,0,0,0,0,0,0,0,0,0,0,0,0,0,0,0
0,0,,,0,0,0,0,0,0,0,0,0,0,0,0,0,0,0,0,0,0,0,0,0,0,0,0,0,0,0,0,0,0,0,0,0,0,0,0,0,0,0,0,0,0,0,0,0,0,0,0,0,0,0,0,0,0,0,0,0,0,0,0,0,0,0,0,0,0,0
0,0,,,0,0,0,0,0,0,0,0,0,0,0,0,0,0,0,0,0,0,0,0,0,0,0,0,0,0,0,0,0,0,0,0,0,0,0,0,0,0,0,0,0,0,0,0,0,0,0,0,0,0,0,0,0,0,0,0,0,0,0,0,0,0,0,0,0,0,0
0,0,,,0,0,0,0,0,0,0,0,0,0,0,0,0,0,0,0,0,0,0,0,0,0,0,0,0,0,0,0,0,0,0,0,0,0,0,0,0,0,0,0,0,0,0,0,0,0,0,0,0,0,0,0,0,0,0,0,0,0,0,0,0,0,0,0,0,0,0
0,0,,,0,0,0,0,0,0,0,0,0,0,0,0,0,0,0,0,0,0,0,0,0,0,0,0,0,0,0,0,0,0,0,0,0,0,0,0,0,0,0,0,0,0,0,0,0,0,0,0,0,0,0,0,0,0,0,0,0,0,0,0,0,0,0,0,0,0,0
0,0,,,0,0,0,0,0,0,0,0,0,0,0,0,0,0,0,0,0,0,0,0,0,0,0,0,0,0,0,0,0,0,0,0,0,0,0,0,0,0,0,0,0,0,0,0,0,0,0,0,0,0,0,0,0,0,0,0,0,0,0,0,0,0,0,0,0,0,0
0,0,,,0,0,0,0,0,0,0,0,0,0,0,0,0,0,0,0,0,0,0,0,0,0,0,0,0,0,0,0,0,0,0,0,0,0,0,0,0,0,0,0,0,0,0,0,0,0,0,0,0,0,0,0,0,0,0,0,0,0,0,0,0,0,0,0,0,0,0
0,0,,,0,0,0,0,0,0,0,0,0,0,0,0,0,0,0,0,0,0,0,0,0,0,0,0,0,0,0,0,0,0,0,0,0,0,0,0,0,0,0,0,0,0,0,0,0,0,0,0,0,0,0,0,0,0,0,0,0,0,0,0,0,0,0,0,0,0,0
0,0,,,0,0,0,0,0,0,0,0,0,0,0,0,0,0,0,0,0,0,0,0,0,0,0,0,0,0,0,0,0,0,0,0,0,0,0,0,0,0,0,0,0,0,0,0,0,0,0,0,0,0,0,0,0,0,0,0,0,0,0,0,0,0,0,0,0,0,0
0,0,,,0,0,0,0,0,0,0,0,0,0,0,0,0,0,0,0,0,0,0,0,0,0,0,0,0,0,0,0,0,0,0,0,0,0,0,0,0,0,0,0,0,0,0,0,0,0,0,0,0,0,0,0,0,0,0,0,0,0,0,0,0,0,0,0,0,0,0
0,0,,,0,0,0,0,0,0,0,0,0,0,0,0,0,0,0,0,0,0,0,0,0,0,0,0,0,0,0,0,0,0,0,0,0,0,0,0,0,0,0,0,0,0,0,0,0,0,0,0,0,0,0,0,0,0,0,0,0,0,0,0,0,0,0,0,0,0,0
0,0,,,0,0,0,0,0,0,0,0,0,0,0,0,0,0,0,0,0,0,0,0,0,0,0,0,0,0,0,0,0,0,0,0,0,0,0,0,0,0,0,0,0,0,0,0,0,0,0,0,0,0,0,0,0,0,0,0,0,0,0,0,0,0,0,0,0,0,0
0,0,,,0,0,0,0,0,0,0,0,0,0,0,0,0,0,0,0,0,0,0,0,0,0,0,0,0,0,0,0,0,0,0,0,0,0,0,0,0,0,0,0,0,0,0,0,0,0,0,0,0,0,0,0,0,0,0,0,0,0,0,0,0,0,0,0,0,0,0
0,0,,,0,0,0,0,0,0,0,0,0,0,0,0,0,0,0,0,0,0,0,0,0,0,0,0,0,0,0,0,0,0,0,0,0,0,0,0,0,0,0,0,0,0,0,0,0,0,0,0,0,0,0,0,0,0,0,0,0,0,0,0,0,0,0,0,0,0,0
0,0,,,0,0,0,0,0,0,0,0,0,0,0,0,0,0,0,0,0,0,0,0,0,0,0,0,0,0,0,0,0,0,0,0,0,0,0,0,0,0,0,0,0,0,0,0,0,0,0,0,0,0,0,0,0,0,0,0,0,0,0,0,0,0,0,0,0,0,0
0,0,,,0,0,0,0,0,0,0,0,0,0,0,0,0,0,0,0,0,0,0,0,0,0,0,0,0,0,0,0,0,0,0,0,0,0,0,0,0,0,0,0,0,0,0,0,0,0,0,0,0,0,0,0,0,0,0,0,0,0,0,0,0,0,0,0,0,0,0
0,0,,,0,0,0,0,0,0,0,0,0,0,0,0,0,0,0,0,0,0,0,0,0,0,0,0,0,0,0,0,0,0,0,0,0,0,0,0,0,0,0,0,0,0,0,0,0,0,0,0,0,0,0,0,0,0,0,0,0,0,0,0,0,0,0,0,0,0,0
0,0,,,0,0,0,0,0,0,0,0,0,0,0,0,0,0,0,0,0,0,0,0,0,0,0,0,0,0,0,0,0,0,0,0,0,0,0,0,0,0,0,0,0,0,0,0,0,0,0,0,0,0,0,0,0,0,0,0,0,0,0,0,0,0,0,0,0,0,0
0,0,,,0,0,0,0,0,0,0,0,0,0,0,0,0,0,0,0,0,0,0,0,0,0,0,0,0,0,0,0,0,0,0,0,0,0,0,0,0,0,0,0,0,0,0,0,0,0,0,0,0,0,0,0,0,0,0,0,0,0,0,0,0,0,0,0,0,0,0
0,0,,,0,0,0,0,0,0,0,0,0,0,0,0,0,0,0,0,0,0,0,0,0,0,0,0,0,0,0,0,0,0,0,0,0,0,0,0,0,0,0,0,0,0,0,0,0,0,0,0,0,0,0,0,0,0,0,0,0,0,0,0,0,0,0,0,0,0,0
0,0,,,0,0,0,0,0,0,0,0,0,0,0,0,0,0,0,0,0,0,0,0,0,0,0,0,0,0,0,0,0,0,0,0,0,0,0,0,0,0,0,0,0,0,0,0,0,0,0,0,0,0,0,0,0,0,0,0,0,0,0,0,0,0,0,0,0,0,0
0,0,,,0,0,0,0,0,0,0,0,0,0,0,0,0,0,0,0,0,0,0,0,0,0,0,0,0,0,0,0,0,0,0,0,0,0,0,0,0,0,0,0,0,0,0,0,0,0,0,0,0,0,0,0,0,0,0,0,0,0,0,0,0,0,0,0,0,0,0
0,0,,,0,0,0,0,0,0,0,0,0,0,0,0,0,0,0,0,0,0,0,0,0,0,0,0,0,0,0,0,0,0,0,0,0,0,0,0,0,0,0,0,0,0,0,0,0,0,0,0,0,0,0,0,0,0,0,0,0,0,0,0,0,0,0,0,0,0,0
0,0,,,0,0,0,0,0,0,0,0,0,0,0,0,0,0,0,0,0,0,0,0,0,0,0,0,0,0,0,0,0,0,0,0,0,0,0,0,0,0,0,0,0,0,0,0,0,0,0,0,0,0,0,0,0,0,0,0,0,0,0,0,0,0,0,0,0,0,0
0,0,,,0,0,0,0,0,0,0,0,0,0,0,0,0,0,0,0,0,0,0,0,0,0,0,0,0,0,0,0,0,0,0,0,0,0,0,0,0,0,0,0,0,0,0,0,0,0,0,0,0,0,0,0,0,0,0,0,0,0,0,0,0,0,0,0,0,0,0
0,0,,,0,0,0,0,0,0,0,0,0,0,0,0,0,0,0,0,0,0,0,0,0,0,0,0,0,0,0,0,0,0,0,0,0,0,0,0,0,0,0,0,0,0,0,0,0,0,0,0,0,0,0,0,0,0,0,0,0,0,0,0,0,0,0,0,0,0,0
0,0,,,0,0,0,0,0,0,0,0,0,0,0,0,0,0,0,0,0,0,0,0,0,0,0,0,0,0,0,0,0,0,0,0,0,0,0,0,0,0,0,0,0,0,0,0,0,0,0,0,0,0,0,0,0,0,0,0,0,0,0,0,0,0,0,0,0,0,0
0,0,,,0,0,0,0,0,0,0,0,0,0,0,0,0,0,0,0,0,0,0,0,0,0,0,0,0,0,0,0,0,0,0,0,0,0,0,0,0,0,0,0,0,0,0,0,0,0,0,0,0,0,0,0,0,0,0,0,0,0,0,0,0,0,0,0,0,0,0
0,0,,,0,0,0,0,0,0,0,0,0,0,0,0,0,0,0,0,0,0,0,0,0,0,0,0,0,0,0,0,0,0,0,0,0,0,0,0,0,0,0,0,0,0,0,0,0,0,0,0,0,0,0,0,0,0,0,0,0,0,0,0,0,0,0,0,0,0,0
0,0,,,0,0,0,0,0,0,0,0,0,0,0,0,0,0,0,0,0,0,0,0,0,0,0,0,0,0,0,0,0,0,0,0,0,0,0,0,0,0,0,0,0,0,0,0,0,0,0,0,0,0,0,0,0,0,0,0,0,0,0,0,0,0,0,0,0,0,0
0,0,,,0,0,0,0,0,0,0,0,0,0,0,0,0,0,0,0,0,0,0,0,0,0,0,0,0,0,0,0,0,0,0,0,0,0,0,0,0,0,0,0,0,0,0,0,0,0,0,0,0,0,0,0,0,0,0,0,0,0,0,0,0,0,0,0,0,0,0
0,0,,,0,0,0,0,0,0,0,0,0,0,0,0,0,0,0,0,0,0,0,0,0,0,0,0,0,0,0,0,0,0,0,0,0,0,0,0,0,0,0,0,0,0,0,0,0,0,0,0,0,0,0,0,0,0,0,0,0,0,0,0,0,0,0,0,0,0,0
0,0,,,0,0,0,0,0,0,0,0,0,0,0,0,0,0,0,0,0,0,0,0,0,0,0,0,0,0,0,0,0,0,0,0,0,0,0,0,0,0,0,0,0,0,0,0,0,0,0,0,0,0,0,0,0,0,0,0,0,0,0,0,0,0,0,0,0,0,0
0,0,,,0,0,0,0,0,0,0,0,0,0,0,0,0,0,0,0,0,0,0,0,0,0,0,0,0,0,0,0,0,0,0,0,0,0,0,0,0,0,0,0,0,0,0,0,0,0,0,0,0,0,0,0,0,0,0,0,0,0,0,0,0,0,0,0,0,0,0
0,0,,,0,0,0,0,0,0,0,0,0,0,0,0,0,0,0,0,0,0,0,0,0,0,0,0,0,0,0,0,0,0,0,0,0,0,0,0,0,0,0,0,0,0,0,0,0,0,0,0,0,0,0,0,0,0,0,0,0,0,0,0,0,0,0,0,0,0,0
0,0,,,0,0,0,0,0,0,0,0,0,0,0,0,0,0,0,0,0,0,0,0,0,0,0,0,0,0,0,0,0,0,0,0,0,0,0,0,0,0,0,0,0,0,0,0,0,0,0,0,0,0,0,0,0,0,0,0,0,0,0,0,0,0,0,0,0,0,0
0,0,,,0,0,0,0,0,0,0,0,0,0,0,0,0,0,0,0,0,0,0,0,0,0,0,0,0,0,0,0,0,0,0,0,0,0,0,0,0,0,0,0,0,0,0,0,0,0,0,0,0,0,0,0,0,0,0,0,0,0,0,0,0,0,0,0,0,0,0
0,0,,,0,0,0,0,0,0,0,0,0,0,0,0,0,0,0,0,0,0,0,0,0,0,0,0,0,0,0,0,0,0,0,0,0,0,0,0,0,0,0,0,0,0,0,0,0,0,0,0,0,0,0,0,0,0,0,0,0,0,0,0,0,0,0,0,0,0,0
0,0,,,0,0,0,0,0,0,0,0,0,0,0,0,0,0,0,0,0,0,0,0,0,0,0,0,0,0,0,0,0,0,0,0,0,0,0,0,0,0,0,0,0,0,0,0,0,0,0,0,0,0,0,0,0,0,0,0,0,0,0,0,0,0,0,0,0,0,0
0,0,,,0,0,0,0,0,0,0,0,0,0,0,0,0,0,0,0,0,0,0,0,0,0,0,0,0,0,0,0,0,0,0,0,0,0,0,0,0,0,0,0,0,0,0,0,0,0,0,0,0,0,0,0,0,0,0,0,0,0,0,0,0,0,0,0,0,0,0
0,0,,,0,0,0,0,0,0,0,0,0,0,0,0,0,0,0,0,0,0,0,0,0,0,0,0,0,0,0,0,0,0,0,0,0,0,0,0,0,0,0,0,0,0,0,0,0,0,0,0,0,0,0,0,0,0,0,0,0,0,0,0,0,0,0,0,0,0,0
0,0,,,0,0,0,0,0,0,0,0,0,0,0,0,0,0,0,0,0,0,0,0,0,0,0,0,0,0,0,0,0,0,0,0,0,0,0,0,0,0,0,0,0,0,0,0,0,0,0,0,0,0,0,0,0,0,0,0,0,0,0,0,0,0,0,0,0,0,0
0,0,,,0,0,0,0,0,0,0,0,0,0,0,0,0,0,0,0,0,0,0,0,0,0,0,0,0,0,0,0,0,0,0,0,0,0,0,0,0,0,0,0,0,0,0,0,0,0,0,0,0,0,0,0,0,0,0,0,0,0,0,0,0,0,0,0,0,0,0
0,0,,,0,0,0,0,0,0,0,0,0,0,0,0,0,0,0,0,0,0,0,0,0,0,0,0,0,0,0,0,0,0,0,0,0,0,0,0,0,0,0,0,0,0,0,0,0,0,0,0,0,0,0,0,0,0,0,0,0,0,0,0,0,0,0,0,0,0,0
0,0,,,0,0,0,0,0,0,0,0,0,0,0,0,0,0,0,0,0,0,0,0,0,0,0,0,0,0,0,0,0,0,0,0,0,0,0,0,0,0,0,0,0,0,0,0,0,0,0,0,0,0,0,0,0,0,0,0,0,0,0,0,0,0,0,0,0,0,0
0,0,,,0,0,0,0,0,0,0,0,0,0,0,0,0,0,0,0,0,0,0,0,0,0,0,0,0,0,0,0,0,0,0,0,0,0,0,0,0,0,0,0,0,0,0,0,0,0,0,0,0,0,0,0,0,0,0,0,0,0,0,0,0,0,0,0,0,0,0
0,0,,,0,0,0,0,0,0,0,0,0,0,0,0,0,0,0,0,0,0,0,0,0,0,0,0,0,0,0,0,0,0,0,0,0,0,0,0,0,0,0,0,0,0,0,0,0,0,0,0,0,0,0,0,0,0,0,0,0,0,0,0,0,0,0,0,0,0,0
0,0,,,0,0,0,0,0,0,0,0,0,0,0,0,0,0,0,0,0,0,0,0,0,0,0,0,0,0,0,0,0,0,0,0,0,0,0,0,0,0,0,0,0,0,0,0,0,0,0,0,0,0,0,0,0,0,0,0,0,0,0,0,0,0,0,0,0,0,0
0,0,,,0,0,0,0,0,0,0,0,0,0,0,0,0,0,0,0,0,0,0,0,0,0,0,0,0,0,0,0,0,0,0,0,0,0,0,0,0,0,0,0,0,0,0,0,0,0,0,0,0,0,0,0,0,0,0,0,0,0,0,0,0,0,0,0,0,0,0
0,0,,,0,0,0,0,0,0,0,0,0,0,0,0,0,0,0,0,0,0,0,0,0,0,0,0,0,0,0,0,0,0,0,0,0,0,0,0,0,0,0,0,0,0,0,0,0,0,0,0,0,0,0,0,0,0,0,0,0,0,0,0,0,0,0,0,0,0,0
0,0,,,0,0,0,0,0,0,0,0,0,0,0,0,0,0,0,0,0,0,0,0,0,0,0,0,0,0,0,0,0,0,0,0,0,0,0,0,0,0,0,0,0,0,0,0,0,0,0,0,0,0,0,0,0,0,0,0,0,0,0,0,0,0,0,0,0,0,0
0,0,,,0,0,0,0,0,0,0,0,0,0,0,0,0,0,0,0,0,0,0,0,0,0,0,0,0,0,0,0,0,0,0,0,0,0,0,0,0,0,0,0,0,0,0,0,0,0,0,0,0,0,0,0,0,0,0,0,0,0,0,0,0,0,0,0,0,0,0
0,0,,,0,0,0,0,0,0,0,0,0,0,0,0,0,0,0,0,0,0,0,0,0,0,0,0,0,0,0,0,0,0,0,0,0,0,0,0,0,0,0,0,0,0,0,0,0,0,0,0,0,0,0,0,0,0,0,0,0,0,0,0,0,0,0,0,0,0,0
0,0,,,0,0,0,0,0,0,0,0,0,0,0,0,0,0,0,0,0,0,0,0,0,0,0,0,0,0,0,0,0,0,0,0,0,0,0,0,0,0,0,0,0,0,0,0,0,0,0,0,0,0,0,0,0,0,0,0,0,0,0,0,0,0,0,0,0,0,0
0,0,,,0,0,0,0,0,0,0,0,0,0,0,0,0,0,0,0,0,0,0,0,0,0,0,0,0,0,0,0,0,0,0,0,0,0,0,0,0,0,0,0,0,0,0,0,0,0,0,0,0,0,0,0,0,0,0,0,0,0,0,0,0,0,0,0,0,0,0
0,0,,,0,0,0,0,0,0,0,0,0,0,0,0,0,0,0,0,0,0,0,0,0,0,0,0,0,0,0,0,0,0,0,0,0,0,0,0,0,0,0,0,0,0,0,0,0,0,0,0,0,0,0,0,0,0,0,0,0,0,0,0,0,0,0,0,0,0,0
0,0,,,0,0,0,0,0,0,0,0,0,0,0,0,0,0,0,0,0,0,0,0,0,0,0,0,0,0,0,0,0,0,0,0,0,0,0,0,0,0,0,0,0,0,0,0,0,0,0,0,0,0,0,0,0,0,0,0,0,0,0,0,0,0,0,0,0,0,0
0,0,,,0,0,0,0,0,0,0,0,0,0,0,0,0,0,0,0,0,0,0,0,0,0,0,0,0,0,0,0,0,0,0,0,0,0,0,0,0,0,0,0,0,0,0,0,0,0,0,0,0,0,0,0,0,0,0,0,0,0,0,0,0,0,0,0,0,0,0
0,0,,,0,0,0,0,0,0,0,0,0,0,0,0,0,0,0,0,0,0,0,0,0,0,0,0,0,0,0,0,0,0,0,0,0,0,0,0,0,0,0,0,0,0,0,0,0,0,0,0,0,0,0,0,0,0,0,0,0,0,0,0,0,0,0,0,0,0,0
0,0,,,0,0,0,0,0,0,0,0,0,0,0,0,0,0,0,0,0,0,0,0,0,0,0,0,0,0,0,0,0,0,0,0,0,0,0,0,0,0,0,0,0,0,0,0,0,0,0,0,0,0,0,0,0,0,0,0,0,0,0,0,0,0,0,0,0,0,0
0,0,,,0,0,0,0,0,0,0,0,0,0,0,0,0,0,0,0,0,0,0,0,0,0,0,0,0,0,0,0,0,0,0,0,0,0,0,0,0,0,0,0,0,0,0,0,0,0,0,0,0,0,0,0,0,0,0,0,0,0,0,0,0,0,0,0,0,0,0
0,0,,,0,0,0,0,0,0,0,0,0,0,0,0,0,0,0,0,0,0,0,0,0,0,0,0,0,0,0,0,0,0,0,0,0,0,0,0,0,0,0,0,0,0,0,0,0,0,0,0,0,0,0,0,0,0,0,0,0,0,0,0,0,0,0,0,0,0,0
0,0,,,0,0,0,0,0,0,0,0,0,0,0,0,0,0,0,0,0,0,0,0,0,0,0,0,0,0,0,0,0,0,0,0,0,0,0,0,0,0,0,0,0,0,0,0,0,0,0,0,0,0,0,0,0,0,0,0,0,0,0,0,0,0,0,0,0,0,0
0,0,,,0,0,0,0,0,0,0,0,0,0,0,0,0,0,0,0,0,0,0,0,0,0,0,0,0,0,0,0,0,0,0,0,0,0,0,0,0,0,0,0,0,0,0,0,0,0,0,0,0,0,0,0,0,0,0,0,0,0,0,0,0,0,0,0,0,0,0
0,0,,,0,0,0,0,0,0,0,0,0,0,0,0,0,0,0,0,0,0,0,0,0,0,0,0,0,0,0,0,0,0,0,0,0,0,0,0,0,0,0,0,0,0,0,0,0,0,0,0,0,0,0,0,0,0,0,0,0,0,0,0,0,0,0,0,0,0,0
0,0,,,0,0,0,0,0,0,0,0,0,0,0,0,0,0,0,0,0,0,0,0,0,0,0,0,0,0,0,0,0,0,0,0,0,0,0,0,0,0,0,0,0,0,0,0,0,0,0,0,0,0,0,0,0,0,0,0,0,0,0,0,0,0,0,0,0,0,0
0,0,,,0,0,0,0,0,0,0,0,0,0,0,0,0,0,0,0,0,0,0,0,0,0,0,0,0,0,0,0,0,0,0,0,0,0,0,0,0,0,0,0,0,0,0,0,0,0,0,0,0,0,0,0,0,0,0,0,0,0,0,0,0,0,0,0,0,0,0
0,0,,,0,0,0,0,0,0,0,0,0,0,0,0,0,0,0,0,0,0,0,0,0,0,0,0,0,0,0,0,0,0,0,0,0,0,0,0,0,0,0,0,0,0,0,0,0,0,0,0,0,0,0,0,0,0,0,0,0,0,0,0,0,0,0,0,0,0,0
0,0,,,0,0,0,0,0,0,0,0,0,0,0,0,0,0,0,0,0,0,0,0,0,0,0,0,0,0,0,0,0,0,0,0,0,0,0,0,0,0,0,0,0,0,0,0,0,0,0,0,0,0,0,0,0,0,0,0,0,0,0,0,0,0,0,0,0,0,0
0,0,,,0,0,0,0,0,0,0,0,0,0,0,0,0,0,0,0,0,0,0,0,0,0,0,0,0,0,0,0,0,0,0,0,0,0,0,0,0,0,0,0,0,0,0,0,0,0,0,0,0,0,0,0,0,0,0,0,0,0,0,0,0,0,0,0,0,0,0
0,0,,,0,0,0,0,0,0,0,0,0,0,0,0,0,0,0,0,0,0,0,0,0,0,0,0,0,0,0,0,0,0,0,0,0,0,0,0,0,0,0,0,0,0,0,0,0,0,0,0,0,0,0,0,0,0,0,0,0,0,0,0,0,0,0,0,0,0,0
0,0,,,0,0,0,0,0,0,0,0,0,0,0,0,0,0,0,0,0,0,0,0,0,0,0,0,0,0,0,0,0,0,0,0,0,0,0,0,0,0,0,0,0,0,0,0,0,0,0,0,0,0,0,0,0,0,0,0,0,0,0,0,0,0,0,0,0,0,0
0,0,,,0,0,0,0,0,0,0,0,0,0,0,0,0,0,0,0,0,0,0,0,0,0,0,0,0,0,0,0,0,0,0,0,0,0,0,0,0,0,0,0,0,0,0,0,0,0,0,0,0,0,0,0,0,0,0,0,0,0,0,0,0,0,0,0,0,0,0
0,0,,,0,0,0,0,0,0,0,0,0,0,0,0,0,0,0,0,0,0,0,0,0,0,0,0,0,0,0,0,0,0,0,0,0,0,0,0,0,0,0,0,0,0,0,0,0,0,0,0,0,0,0,0,0,0,0,0,0,0,0,0,0,0,0,0,0,0,0
