ID,_SealedItemID,_Name,_SealItem,_SealItemCnt,_EventSealItem,_EventSealItemCnt,_Sealprice
1,10221021,???? ??? ??????,190171178,4,190171180,4,0
2,20621021,???? ??? ???????,190171178,4,190171180,4,0
3,30121021,???? ??? ?????,190171178,4,190171180,4,0
4,70221021,???? ??? ?????,190171178,4,190171180,4,0
5,90521021,???? ??? ????,190171178,4,190171180,4,0
6,100100485,???? ??? ??,190171178,4,190171180,4,0
7,60100485,???? ??? ???,190171178,4,190171180,4,0
8,120100485,???? ??? ??,190171178,4,190171180,4,0
9,10215109,??? ???? ?? ???,190171178,5,190171180,5,0
10,20615109,??? ???? ?? ????,190171178,5,190171180,5,0
11,30115109,??? ???? ?? ??,190171178,5,190171180,5,0
12,70215109,??? ???? ?? ??,190171178,5,190171180,5,0
13,90415109,??? ???? ?? ??,190171178,5,190171180,5,0
14,10216109,??? ???? ?? ???,190171178,5,190171180,5,0
15,20616109,??? ???? ?? ????,190171178,5,190171180,5,0
16,30416109,??? ???? ?? ??,190171178,5,190171180,5,0
17,70216111,??? ???? ?? ??,190171178,5,190171180,5,0
18,90516109,??? ???? ?? ?,190171178,5,190171180,5,0
19,10217109,??? ??? ?? ???,190171178,5,190171180,5,0
20,20617109,??? ??? ?? ????,190171178,5,190171180,5,0
21,30117109,??? ??? ?? ??,190171178,5,190171180,5,0
22,70217109,??? ??? ?? ??,190171178,5,190171180,5,0
23,90517109,??? ??? ?? ?,190171178,5,190171180,5,0
24,10218109,??? ??? ?? ???,190171178,5,190171180,5,0
25,20518109,??? ??? ?? ????,190171178,5,190171180,5,0
26,30118109,??? ??? ?? ??,190171178,5,190171180,5,0
27,70218109,??? ??? ?? ??,190171178,5,190171180,5,0
28,90518109,??? ??? ?? ?,190171178,5,190171180,5,0
29,10219109,??? ??? ?? ???,190171178,5,190171180,5,0
30,20219109,??? ??? ?? ????,190171178,5,190171180,5,0
31,30119109,??? ??? ?? ??,190171178,5,190171180,5,0
32,70219109,??? ??? ?? ??,190171178,5,190171180,5,0
33,90419109,??? ??? ?? ??,190171178,5,190171180,5,0
34,10222003,??? ??? ?? ???,190171178,5,190171180,5,0
35,20522004,??? ??? ?? ????,190171178,5,190171180,5,0
36,30222004,??? ??? ?? ??,190171178,5,190171180,5,0
37,70222004,??? ??? ?? ??,190171178,5,190171180,5,0
38,90522003,??? ??? ?? ?,190171178,5,190171180,5,0
39,70216112,??? ???? ??? ?? ??,190171178,5,190171180,5,0
40,90511911,??? ??,190171178,4,190171180,4,0
41,20611911,??? ????,190171178,4,190171180,4,0
42,30211911,??? ??,190171178,4,190171180,4,0
43,10211911,??? ???,190171178,4,190171180,4,0
44,70211921,??? ??,190171178,4,190171180,4,0
45,10121007,??? ??? ?? ???,190171178,5,190171180,5,0
46,20221007,??? ??? ?? ????,190171178,5,190171180,5,0
47,30121007,??? ??? ?? ??,190171178,5,190171180,5,0
48,70221007,??? ??? ?? ??,190171178,5,190171180,5,0
49,90421007,??? ??? ?? ?,190171178,5,190171180,5,0
50,165500201,????? ?? ??,190171178,5,190171180,5,0
51,165500202,????? ?? ?? +1,190171178,5,190171180,5,0
52,165500203,????? ?? ?? +2,190171178,5,190171180,5,0
53,165500204,????? ?? ?? +3,190171178,5,190171180,5,0
54,165500205,????? ?? ?? +4,190171178,5,190171180,5,0
55,165500206,????? ?? ?? +5,190171178,5,190171180,5,0
56,165500207,????? ?? ?? +6,190171178,5,190171180,5,0
57,165500208,????? ?? ?? +7,190171178,5,190171180,5,0
58,165500209,????? ?? ?? +8,190171178,5,190171180,5,0
59,165500210,????? ?? ?? +9,190171178,5,190171180,5,0
60,165500211,????? ?? ?? +10,190171178,5,190171180,5,0
61,165500212,????? ?? ?? +11,190171178,5,190171180,5,0
62,165500213,????? ?? ?? +12,190171178,5,190171180,5,0
63,165500214,????? ?? ?? +13,190171178,5,190171180,5,0
64,165500215,????? ?? ?? +14,190171178,5,190171180,5,0
65,165500216,????? ?? ?? +15,190171178,5,190171180,5,0
66,165500217,????? ?? ?? +16,190171178,5,190171180,5,0
67,165500218,????? ?? ?? +17,190171178,5,190171180,5,0
68,165500219,????? ?? ?? +18,190171178,5,190171180,5,0
69,165500220,????? ?? ?? +19,190171178,5,190171180,5,0
70,165500221,????? ?? ?? +20,190171178,5,190171180,5,0
71,165500222,????? ?? ?? +21,190171178,5,190171180,5,0
72,165500223,????? ?? ?? +22,190171178,5,190171180,5,0
73,165500224,????? ?? ?? +23,190171178,5,190171180,5,0
74,165500225,????? ?? ?? +24,190171178,5,190171180,5,0
75,165500226,????? ?? ?? +25,190171178,5,190171180,5,0
76,165500227,????? ?? ?? +26,190171178,5,190171180,5,0
77,165500228,????? ?? ?? +27,190171178,5,190171180,5,0
78,165500229,????? ?? ?? +28,190171178,5,190171180,5,0
79,165500230,????? ?? ?? +29,190171178,5,190171180,5,0
80,165500231,????? ?? ?? +30,190171178,5,190171180,5,0
81,165500232,????? ?? ?? +31,190171178,5,190171180,5,0
82,165500233,????? ?? ?? +32,190171178,5,190171180,5,0
83,165500234,????? ?? ?? +33,190171178,5,190171180,5,0
84,165500235,????? ?? ?? +34,190171178,5,190171180,5,0
85,165500236,????? ?? ?? +35,190171178,5,190171180,5,0
86,165500237,????? ?? ?? +36,190171178,5,190171180,5,0
87,165500238,????? ?? ?? +37,190171178,5,190171180,5,0
88,165500239,????? ?? ?? +38,190171178,5,190171180,5,0
89,165500240,????? ?? ?? +39,190171178,5,190171180,5,0
90,165500241,????? ?? ?? +40,190171178,5,190171180,5,0
91,165500242,????? ?? ?? +41,190171178,5,190171180,5,0
92,165500243,????? ?? ?? +42,190171178,5,190171180,5,0
93,165500244,????? ?? ?? +43,190171178,5,190171180,5,0
94,165500245,????? ?? ?? +44,190171178,5,190171180,5,0
95,165500246,????? ?? ?? +45,190171178,5,190171180,5,0
96,165500247,????? ?? ?? +46,190171178,5,190171180,5,0
97,165500248,????? ?? ?? +47,190171178,5,190171180,5,0
98,165500249,????? ?? ?? +48,190171178,5,190171180,5,0
99,165500250,????? ?? ?? +49,190171178,5,190171180,5,0
100,165500251,????? ?? ?? +50,190171178,5,190171180,5,0
101,84504301,????? ???,190171178,10,190171180,10,0
102,84504302,????? ??? ☆,190171178,10,190171180,10,0
103,84504303,????? ??? ★,190171178,10,190171180,10,0
104,84504304,????? ??? ★☆,190171178,10,190171180,10,0
105,84504305,????? ??? ★★,190171178,10,190171180,10,0
106,84504501,???? ??? ???,190171178,10,190171180,10,0
107,84504502,???? ??? ??? ☆,190171178,10,190171180,10,0
108,84504503,???? ??? ??? ★,190171178,10,190171180,10,0
109,84504504,???? ??? ??? ★☆,190171178,10,190171180,10,0
110,84504505,???? ??? ??? ★★,190171178,10,190171180,10,0
111,84504506,???? ??? ??? ★★☆,190171178,10,190171180,10,0
112,84504507,???? ??? ??? ★★★,190171178,10,190171180,10,0
113,10214303,??? ??? ???,190171178,5,190171180,5,0
114,20214303,??? ??? ????,190171178,5,190171180,5,0
115,30114303,??? ??? ??,190171178,5,190171180,5,0
116,70214303,??? ??? ??,190171178,5,190171180,5,0
117,90214303,??? ??? ??,190171178,5,190171180,5,0
118,10214304,??? ??? ???,190171178,5,190171180,5,0
119,20214304,??? ??? ????,190171178,5,190171180,5,0
120,30114304,??? ??? ??,190171178,5,190171180,5,0
121,70214304,??? ??? ??,190171178,5,190171180,5,0
122,90214304,??? ??? ??,190171178,5,190171180,5,0
123,10214305,??? ??? ??? ☆,190171178,5,190171180,5,0
124,20214305,??? ??? ???? ☆,190171178,5,190171180,5,0
125,30114305,??? ??? ?? ☆,190171178,5,190171180,5,0
126,70214305,??? ??? ?? ☆,190171178,5,190171180,5,0
127,90214305,??? ??? ?? ☆,190171178,5,190171180,5,0
128,10214306,??? ??? ??? ★,190171178,5,190171180,5,0
129,20214306,??? ??? ???? ★,190171178,5,190171180,5,0
130,30114306,??? ??? ?? ★,190171178,5,190171180,5,0
131,70214306,??? ??? ?? ★,190171178,5,190171180,5,0
132,90214306,??? ??? ?? ★,190171178,5,190171180,5,0
133,10214307,??? ??? ??? ★☆,190171178,5,190171180,5,0
134,20214307,??? ??? ???? ★☆,190171178,5,190171180,5,0
135,30114307,??? ??? ?? ★☆,190171178,5,190171180,5,0
136,70214307,??? ??? ?? ★☆,190171178,5,190171180,5,0
137,90214307,??? ??? ?? ★☆,190171178,5,190171180,5,0
138,10214308,??? ??? ??? ★★,190171178,5,190171180,5,0
139,20214308,??? ??? ???? ★★,190171178,5,190171180,5,0
140,30114308,??? ??? ?? ★★,190171178,5,190171180,5,0
141,70214308,??? ??? ?? ★★,190171178,5,190171180,5,0
142,90214308,??? ??? ?? ★★,190171178,5,190171180,5,0
143,10214309,??? ??? ??? ★★☆,190171178,5,190171180,5,0
144,20214309,??? ??? ???? ★★☆,190171178,5,190171180,5,0
145,30114309,??? ??? ?? ★★☆,190171178,5,190171180,5,0
146,70214309,??? ??? ?? ★★☆,190171178,5,190171180,5,0
147,90214309,??? ??? ?? ★★☆,190171178,5,190171180,5,0
148,10214310,??? ??? ??? ★★★,190171178,5,190171180,5,0
149,20214310,??? ??? ???? ★★★,190171178,5,190171180,5,0
150,30114310,??? ??? ?? ★★★,190171178,5,190171180,5,0
151,70214310,??? ??? ?? ★★★,190171178,5,190171180,5,0
152,90214310,??? ??? ?? ★★★,190171178,5,190171180,5,0
153,165300501,??? ???,190171178,5,190171180,5,0
154,165300502,??? ??? +1,190171178,5,190171180,5,0
155,165300503,??? ??? +2,190171178,5,190171180,5,0
156,165300504,??? ??? +3,190171178,5,190171180,5,0
157,165300505,??? ??? +4,190171178,5,190171180,5,0
158,165300506,??? ??? +5,190171178,5,190171180,5,0
159,165300507,??? ??? +6,190171178,5,190171180,5,0
160,165300508,??? ??? +7,190171178,5,190171180,5,0
161,165300509,??? ??? +8,190171178,5,190171180,5,0
162,165300510,??? ??? +9,190171178,5,190171180,5,0
163,165300511,??? ??? +10,190171178,5,190171180,5,0
164,165300512,??? ??? +11,190171178,5,190171180,5,0
165,165300513,??? ??? +12,190171178,5,190171180,5,0
166,165300514,??? ??? +13,190171178,5,190171180,5,0
167,165300515,??? ??? +14,190171178,5,190171180,5,0
168,165300516,??? ??? +15,190171178,5,190171180,5,0
169,165300517,??? ??? +16,190171178,5,190171180,5,0
170,165300518,??? ??? +17,190171178,5,190171180,5,0
171,165300519,??? ??? +18,190171178,5,190171180,5,0
172,165300520,??? ??? +19,190171178,5,190171180,5,0
173,165300521,??? ??? +20,190171178,5,190171180,5,0
174,165300522,??? ??? +21,190171178,5,190171180,5,0
175,165300523,??? ??? +22,190171178,5,190171180,5,0
176,165300524,??? ??? +23,190171178,5,190171180,5,0
177,165300525,??? ??? +24,190171178,5,190171180,5,0
178,165300526,??? ??? +25,190171178,5,190171180,5,0
179,165300527,??? ??? +26,190171178,5,190171180,5,0
180,165300528,??? ??? +27,190171178,5,190171180,5,0
181,165300529,??? ??? +28,190171178,5,190171180,5,0
182,165300530,??? ??? +29,190171178,5,190171180,5,0
183,165300531,??? ??? +30,190171178,5,190171180,5,0
184,164501301,??? ?? ??,190171178,5,190171180,5,0
185,164501302,??? ?? ?? +1,190171178,5,190171180,5,0
186,164501303,??? ?? ?? +2,190171178,5,190171180,5,0
187,164501304,??? ?? ?? +3,190171178,5,190171180,5,0
188,164501305,??? ?? ?? +4,190171178,5,190171180,5,0
189,164501306,??? ?? ?? +5,190171178,5,190171180,5,0
190,164501307,??? ?? ?? +6,190171178,5,190171180,5,0
191,164501308,??? ?? ?? +7,190171178,5,190171180,5,0
192,164501309,??? ?? ?? +8,190171178,5,190171180,5,0
193,164501310,??? ?? ?? +9,190171178,5,190171180,5,0
194,164701301,??? ?? ??,190171178,5,190171180,5,0
195,164701302,??? ?? ?? +1,190171178,5,190171180,5,0
196,164701303,??? ?? ?? +2,190171178,5,190171180,5,0
197,164701304,??? ?? ?? +3,190171178,5,190171180,5,0
198,164701305,??? ?? ?? +4,190171178,5,190171180,5,0
199,164701306,??? ?? ?? +5,190171178,5,190171180,5,0
200,164701307,??? ?? ?? +6,190171178,5,190171180,5,0
201,164701308,??? ?? ?? +7,190171178,5,190171180,5,0
202,164701309,??? ?? ?? +8,190171178,5,190171180,5,0
203,164701310,??? ?? ?? +9,190171178,5,190171180,5,0
204,164200901,??? ??,190171178,5,190171180,5,0
205,164200902,??? ?? ☆,190171178,5,190171180,5,0
206,164200903,??? ?? ★,190171178,5,190171180,5,0
207,164200904,??? ?? ★☆,190171178,5,190171180,5,0
208,164200905,??? ?? ★★,190171178,5,190171180,5,0
209,164200906,??? ?? ★★☆,190171178,5,190171180,5,0
210,164200907,??? ?? ★★★,190171178,5,190171180,5,0
211,80104801,??? ??,190171178,10,190171180,10,0
212,80104802,??? ?? ☆,190171178,10,190171180,10,0
213,80104803,??? ?? ★,190171178,10,190171180,10,0
214,80104804,??? ?? ★☆,190171178,10,190171180,10,0
215,80104805,??? ?? ★★,190171178,10,190171180,10,0
216,80104806,??? ?? ★★☆,190171178,10,190171180,10,0
217,80104807,??? ?? ★★★,190171178,10,190171180,10,0
218,80204801,??? ??,190171178,10,190171180,10,0
219,80204802,??? ?? ☆,190171178,10,190171180,10,0
220,80204803,??? ?? ★,190171178,10,190171180,10,0
221,80204804,??? ?? ★☆,190171178,10,190171180,10,0
222,80204805,??? ?? ★★,190171178,10,190171180,10,0
223,80204806,??? ?? ★★☆,190171178,10,190171180,10,0
224,80204807,??? ?? ★★★,190171178,10,190171180,10,0
225,80304801,??? ???,190171178,10,190171180,10,0
226,80304802,??? ??? ☆,190171178,10,190171180,10,0
227,80304803,??? ??? ★,190171178,10,190171180,10,0
228,80304804,??? ??? ★☆,190171178,10,190171180,10,0
229,80304805,??? ??? ★★,190171178,10,190171180,10,0
230,80304806,??? ??? ★★☆,190171178,10,190171180,10,0
231,80304807,??? ??? ★★★,190171178,10,190171180,10,0
232,80404801,??? ???,190171178,10,190171180,10,0
233,80404802,??? ??? ☆,190171178,10,190171180,10,0
234,80404803,??? ??? ★,190171178,10,190171180,10,0
235,80404804,??? ??? ★☆,190171178,10,190171180,10,0
236,80404805,??? ??? ★★,190171178,10,190171180,10,0
237,80404806,??? ??? ★★☆,190171178,10,190171180,10,0
238,80404807,??? ??? ★★★,190171178,10,190171180,10,0
239,80504801,??? ??,190171178,10,190171180,10,0
240,80504802,??? ?? ☆,190171178,10,190171180,10,0
241,80504803,??? ?? ★,190171178,10,190171180,10,0
242,80504804,??? ?? ★☆,190171178,10,190171180,10,0
243,80504805,??? ?? ★★,190171178,10,190171180,10,0
244,80504806,??? ?? ★★☆,190171178,10,190171180,10,0
245,80504807,??? ?? ★★★,190171178,10,190171180,10,0
246,80604801,??? ??,190171178,10,190171180,10,0
247,80604802,??? ?? ☆,190171178,10,190171180,10,0
248,80604803,??? ?? ★,190171178,10,190171180,10,0
249,80604804,??? ?? ★☆,190171178,10,190171180,10,0
250,80604805,??? ?? ★★,190171178,10,190171180,10,0
251,80604806,??? ?? ★★☆,190171178,10,190171180,10,0
252,80604807,??? ?? ★★★,190171178,10,190171180,10,0
253,80704801,??? ??,190171178,10,190171180,10,0
254,80704802,??? ?? ☆,190171178,10,190171180,10,0
255,80704803,??? ?? ★,190171178,10,190171180,10,0
256,80704804,??? ?? ★☆,190171178,10,190171180,10,0
257,80704805,??? ?? ★★,190171178,10,190171180,10,0
258,80704806,??? ?? ★★☆,190171178,10,190171180,10,0
259,80704807,??? ?? ★★★,190171178,10,190171180,10,0
260,80804801,??? ?,190171178,10,190171180,10,0
261,80804802,??? ? ☆,190171178,10,190171180,10,0
262,80804803,??? ? ★,190171178,10,190171180,10,0
263,80804804,??? ? ★☆,190171178,10,190171180,10,0
264,80804805,??? ? ★★,190171178,10,190171180,10,0
265,80804806,??? ? ★★☆,190171178,10,190171180,10,0
266,80804807,??? ? ★★★,190171178,10,190171180,10,0
267,80904801,??? ?,190171178,10,190171180,10,0
268,80904802,??? ? ☆,190171178,10,190171180,10,0
269,80904803,??? ? ★,190171178,10,190171180,10,0
270,80904804,??? ? ★☆,190171178,10,190171180,10,0
271,80904805,??? ? ★★,190171178,10,190171180,10,0
272,80904806,??? ? ★★☆,190171178,10,190171180,10,0
273,80904807,??? ? ★★★,190171178,10,190171180,10,0
274,81004801,??? ??,190171178,10,190171180,10,0
275,81004802,??? ?? ☆,190171178,10,190171180,10,0
276,81004803,??? ?? ★,190171178,10,190171180,10,0
277,81004804,??? ?? ★☆,190171178,10,190171180,10,0
278,81004805,??? ?? ★★,190171178,10,190171180,10,0
279,81004806,??? ?? ★★☆,190171178,10,190171180,10,0
280,81004807,??? ?? ★★★,190171178,10,190171180,10,0
281,81204801,??? ???,190171178,10,190171180,10,0
282,81204802,??? ??? ☆,190171178,10,190171180,10,0
283,81204803,??? ??? ★,190171178,10,190171180,10,0
284,81204804,??? ??? ★☆,190171178,10,190171180,10,0
285,81204805,??? ??? ★★,190171178,10,190171180,10,0
286,81204806,??? ??? ★★☆,190171178,10,190171180,10,0
287,81204807,??? ??? ★★★,190171178,10,190171180,10,0
288,81304801,??? ??,190171178,10,190171180,10,0
289,81304802,??? ?? ☆,190171178,10,190171180,10,0
290,81304803,??? ?? ★,190171178,10,190171180,10,0
291,81304804,??? ?? ★☆,190171178,10,190171180,10,0
292,81304805,??? ?? ★★,190171178,10,190171180,10,0
293,81304806,??? ?? ★★☆,190171178,10,190171180,10,0
294,81304807,??? ?? ★★★,190171178,10,190171180,10,0
295,81404801,??? ???,190171178,10,190171180,10,0
296,81404802,??? ??? ☆,190171178,10,190171180,10,0
297,81404803,??? ??? ★,190171178,10,190171180,10,0
298,81404804,??? ??? ★☆,190171178,10,190171180,10,0
299,81404805,??? ??? ★★,190171178,10,190171180,10,0
300,81404806,??? ??? ★★☆,190171178,10,190171180,10,0
301,81404807,??? ??? ★★★,190171178,10,190171180,10,0
302,81604801,??? MG,190171178,10,190171180,10,0
303,81604802,??? MG ☆,190171178,10,190171180,10,0
304,81604803,??? MG ★,190171178,10,190171180,10,0
305,81604804,??? MG ★☆,190171178,10,190171180,10,0
306,81604805,??? MG ★★,190171178,10,190171180,10,0
307,81604806,??? MG ★★☆,190171178,10,190171180,10,0
308,81604807,??? MG ★★★,190171178,10,190171180,10,0
309,81804801,??? ??????,190171178,10,190171180,10,0
310,81804802,??? ?????? ☆,190171178,10,190171180,10,0
311,81804803,??? ?????? ★,190171178,10,190171180,10,0
312,81804804,??? ?????? ★☆,190171178,10,190171180,10,0
313,81804805,??? ?????? ★★,190171178,10,190171180,10,0
314,81804806,??? ?????? ★★☆,190171178,10,190171180,10,0
315,81804807,??? ?????? ★★★,190171178,10,190171180,10,0
316,81904801,??? ???,190171178,10,190171180,10,0
317,81904802,??? ??? ☆,190171178,10,190171180,10,0
318,81904803,??? ??? ★,190171178,10,190171180,10,0
319,81904804,??? ??? ★☆,190171178,10,190171180,10,0
320,81904805,??? ??? ★★,190171178,10,190171180,10,0
321,81904806,??? ??? ★★☆,190171178,10,190171180,10,0
322,81904807,??? ??? ★★★,190171178,10,190171180,10,0
323,82004801,??? ???,190171178,10,190171180,10,0
324,82004802,??? ??? ☆,190171178,10,190171180,10,0
325,82004803,??? ??? ★,190171178,10,190171180,10,0
326,82004804,??? ??? ★☆,190171178,10,190171180,10,0
327,82004805,??? ??? ★★,190171178,10,190171180,10,0
328,82004806,??? ??? ★★☆,190171178,10,190171180,10,0
329,82004807,??? ??? ★★★,190171178,10,190171180,10,0
330,82104801,??? ?????,190171178,10,190171180,10,0
331,82104802,??? ????? ☆,190171178,10,190171180,10,0
332,82104803,??? ????? ★,190171178,10,190171180,10,0
333,82104804,??? ????? ★☆,190171178,10,190171180,10,0
334,82104805,??? ????? ★★,190171178,10,190171180,10,0
335,82104806,??? ????? ★★☆,190171178,10,190171180,10,0
336,82104807,??? ????? ★★★,190171178,10,190171180,10,0
337,82204801,??? ????,190171178,10,190171180,10,0
338,82204802,??? ???? ☆,190171178,10,190171180,10,0
339,82204803,??? ???? ★,190171178,10,190171180,10,0
340,82204804,??? ???? ★☆,190171178,10,190171180,10,0
341,82204805,??? ???? ★★,190171178,10,190171180,10,0
342,82204806,??? ???? ★★☆,190171178,10,190171180,10,0
343,82204807,??? ???? ★★★,190171178,10,190171180,10,0
344,82304801,??? ?????,190171178,10,190171180,10,0
345,82304802,??? ????? ☆,190171178,10,190171180,10,0
346,82304803,??? ????? ★,190171178,10,190171180,10,0
347,82304804,??? ????? ★☆,190171178,10,190171180,10,0
348,82304805,??? ????? ★★,190171178,10,190171180,10,0
349,82304806,??? ????? ★★☆,190171178,10,190171180,10,0
350,82304807,??? ????? ★★★,190171178,10,190171180,10,0
351,82404801,??? ?????,190171178,10,190171180,10,0
352,82404802,??? ????? ☆,190171178,10,190171180,10,0
353,82404803,??? ????? ★,190171178,10,190171180,10,0
354,82404804,??? ????? ★☆,190171178,10,190171180,10,0
355,82404805,??? ????? ★★,190171178,10,190171180,10,0
356,82404806,??? ????? ★★☆,190171178,10,190171180,10,0
357,82404807,??? ????? ★★★,190171178,10,190171180,10,0
358,82504801,??? ????,190171178,10,190171180,10,0
359,82504802,??? ???? ☆,190171178,10,190171180,10,0
360,82504803,??? ???? ★,190171178,10,190171180,10,0
361,82504804,??? ???? ★☆,190171178,10,190171180,10,0
362,82504805,??? ???? ★★,190171178,10,190171180,10,0
363,82504806,??? ???? ★★☆,190171178,10,190171180,10,0
364,82504807,??? ???? ★★★,190171178,10,190171180,10,0
365,82604801,??? ????,190171178,10,190171180,10,0
366,82604802,??? ???? ☆,190171178,10,190171180,10,0
367,82604803,??? ???? ★,190171178,10,190171180,10,0
368,82604804,??? ???? ★☆,190171178,10,190171180,10,0
369,82604805,??? ???? ★★,190171178,10,190171180,10,0
370,82604806,??? ???? ★★☆,190171178,10,190171180,10,0
371,82604807,??? ???? ★★★,190171178,10,190171180,10,0
372,82804801,??? ??,190171178,10,190171180,10,0
373,82804802,??? ?? ☆,190171178,10,190171180,10,0
374,82804803,??? ?? ★,190171178,10,190171180,10,0
375,82804804,??? ?? ★☆,190171178,10,190171180,10,0
376,82804805,??? ?? ★★,190171178,10,190171180,10,0
377,82804806,??? ?? ★★☆,190171178,10,190171180,10,0
378,82804807,??? ?? ★★★,190171178,10,190171180,10,0
379,81104821,??? ??,190171178,10,190171180,10,0
380,81104822,??? ?? ☆,190171178,10,190171180,10,0
381,81104823,??? ?? ★,190171178,10,190171180,10,0
382,81104824,??? ?? ★☆,190171178,10,190171180,10,0
383,81104825,??? ?? ★★,190171178,10,190171180,10,0
384,81104826,??? ?? ★★☆,190171178,10,190171180,10,0
385,81104827,??? ?? ★★★,190171178,10,190171180,10,0
386,82904801,??? ????,190171178,10,190171180,10,0
387,82904802,??? ???? ☆,190171178,10,190171180,10,0
388,82904803,??? ???? ★,190171178,10,190171180,10,0
389,82904804,??? ???? ★☆,190171178,10,190171180,10,0
390,82904805,??? ???? ★★,190171178,10,190171180,10,0
391,82904806,??? ???? ★★☆,190171178,10,190171180,10,0
392,82904807,??? ???? ★★★,190171178,10,190171180,10,0
393,84004801,??? ???,190171178,10,190171180,10,0
394,84004802,??? ??? ☆,190171178,10,190171180,10,0
395,84004803,??? ??? ★,190171178,10,190171180,10,0
396,84004804,??? ??? ★☆,190171178,10,190171180,10,0
397,84004805,??? ??? ★★,190171178,10,190171180,10,0
398,84004806,??? ??? ★★☆,190171178,10,190171180,10,0
399,84004807,??? ??? ★★★,190171178,10,190171180,10,0
400,81104828,??? ?? ??,190171178,10,190171180,10,0
401,81104829,??? ?? ?? ☆,190171178,10,190171180,10,0
402,81104830,??? ?? ?? ★,190171178,10,190171180,10,0
403,81104831,??? ?? ?? ★☆,190171178,10,190171180,10,0
404,81104832,??? ?? ?? ★★,190171178,10,190171180,10,0
405,81104833,??? ?? ?? ★★☆,190171178,10,190171180,10,0
406,81104834,??? ?? ?? ★★★,190171178,10,190171180,10,0
407,160105801,??? ???,190171178,10,190171180,10,0
408,160105802,??? ??? ☆,190171178,10,190171180,10,0
409,160105803,??? ??? ★,190171178,10,190171180,10,0
410,160105804,??? ??? ★☆,190171178,10,190171180,10,0
411,160105805,??? ??? ★★,190171178,10,190171180,10,0
412,160105806,??? ??? ★★☆,190171178,10,190171180,10,0
413,160105807,??? ??? ★★★,190171178,10,190171180,10,0
414,160105808,?? ??? ???,190171178,10,190171180,10,0
415,160105809,?? ??? ??? ☆,190171178,10,190171180,10,0
416,160105810,?? ??? ??? ★,190171178,10,190171180,10,0
417,160105811,?? ??? ??? ★☆,190171178,10,190171180,10,0
418,160105812,?? ??? ??? ★★,190171178,10,190171180,10,0
419,160105813,?? ??? ??? ★★☆,190171178,10,190171180,10,0
420,160105814,?? ??? ??? ★★★,190171178,10,190171180,10,0
421,160105815,??? ??? ???,190171178,10,190171180,10,0
422,160105816,??? ??? ??? ☆,190171178,10,190171180,10,0
423,160105817,??? ??? ??? ★,190171178,10,190171180,10,0
424,160105818,??? ??? ??? ★☆,190171178,10,190171180,10,0
425,160105819,??? ??? ??? ★★,190171178,10,190171180,10,0
426,160105820,??? ??? ??? ★★☆,190171178,10,190171180,10,0
427,160105821,??? ??? ??? ★★★,190171178,10,190171180,10,0
428,84304801,??? ????,190171178,10,190171180,10,0
429,84304802,??? ???? ☆,190171178,10,190171180,10,0
430,84304803,??? ???? ★,190171178,10,190171180,10,0
431,84304804,??? ???? ★☆,190171178,10,190171180,10,0
432,84304805,??? ???? ★★,190171178,10,190171180,10,0
433,84304806,??? ???? ★★☆,190171178,10,190171180,10,0
434,84304807,??? ???? ★★★,190171178,10,190171180,10,0
435,84404801,??? ????,190171178,10,190171180,10,0
436,84404802,??? ???? ☆,190171178,10,190171180,10,0
437,84404803,??? ???? ★,190171178,10,190171180,10,0
438,84404804,??? ???? ★☆,190171178,10,190171180,10,0
439,84404805,??? ???? ★★,190171178,10,190171180,10,0
440,84404806,??? ???? ★★☆,190171178,10,190171180,10,0
441,84404807,??? ???? ★★★,190171178,10,190171180,10,0
442,84504801,??? ???,190171178,10,190171180,10,0
443,84504802,??? ??? ☆,190171178,10,190171180,10,0
444,84504803,??? ??? ★,190171178,10,190171180,10,0
445,84504804,??? ??? ★☆,190171178,10,190171180,10,0
446,84504805,??? ??? ★★,190171178,10,190171180,10,0
447,84504806,??? ??? ★★☆,190171178,10,190171180,10,0
448,84504807,??? ??? ★★★,190171178,10,190171180,10,0
449,160300901,??? ?? ??,190171178,5,190171180,5,0
450,160300902,??? ?? ?? +1,190171178,5,190171180,5,0
451,160300903,??? ?? ?? +2,190171178,5,190171180,5,0
452,160300904,??? ?? ?? +3,190171178,5,190171180,5,0
453,160300905,??? ?? ?? +4,190171178,5,190171180,5,0
454,160300906,??? ?? ?? +5,190171178,5,190171180,5,0
455,160300907,??? ?? ?? +6,190171178,5,190171180,5,0
456,160300908,??? ?? ?? +7,190171178,5,190171180,5,0
457,160300909,??? ?? ?? +8,190171178,5,190171180,5,0
458,160300910,??? ?? ?? +9,190171178,5,190171180,5,0
459,160400901,??? ?? ??,190171178,5,190171180,5,0
460,160400902,??? ?? ?? +1,190171178,5,190171180,5,0
461,160400903,??? ?? ?? +2,190171178,5,190171180,5,0
462,160400904,??? ?? ?? +3,190171178,5,190171180,5,0
463,160400905,??? ?? ?? +4,190171178,5,190171180,5,0
464,160400906,??? ?? ?? +5,190171178,5,190171180,5,0
465,160400907,??? ?? ?? +6,190171178,5,190171180,5,0
466,160400908,??? ?? ?? +7,190171178,5,190171180,5,0
467,160400909,??? ?? ?? +8,190171178,5,190171180,5,0
468,160400910,??? ?? ?? +9,190171178,5,190171180,5,0
469,160500901,??? ?? ??,190171178,5,190171180,5,0
470,160500902,??? ?? ?? +1,190171178,5,190171180,5,0
471,160500903,??? ?? ?? +2,190171178,5,190171180,5,0
472,160500904,??? ?? ?? +3,190171178,5,190171180,5,0
473,160500905,??? ?? ?? +4,190171178,5,190171180,5,0
474,160500906,??? ?? ?? +5,190171178,5,190171180,5,0
475,160500907,??? ?? ?? +6,190171178,5,190171180,5,0
476,160500908,??? ?? ?? +7,190171178,5,190171180,5,0
477,160500909,??? ?? ?? +8,190171178,5,190171180,5,0
478,160500910,??? ?? ?? +9,190171178,5,190171180,5,0
479,165100801,????? ???,190171178,5,190171180,5,0
480,165100802,????? ??? +1,190171178,5,190171180,5,0
481,165100803,????? ??? +2,190171178,5,190171180,5,0
482,165100804,????? ??? +3,190171178,5,190171180,5,0
483,165100805,????? ??? +4,190171178,5,190171180,5,0
484,165100806,????? ??? +5,190171178,5,190171180,5,0
485,165100807,????? ??? +6,190171178,5,190171180,5,0
486,165100808,????? ??? +7,190171178,5,190171180,5,0
487,165100809,????? ??? +8,190171178,5,190171180,5,0
488,165100810,????? ??? +9,190171178,5,190171180,5,0
489,165100811,????? ??? +10,190171178,5,190171180,5,0
490,165100812,????? ??? +11,190171178,5,190171180,5,0
491,165100813,????? ??? +12,190171178,5,190171180,5,0
492,165100814,????? ??? +13,190171178,5,190171180,5,0
493,165100815,????? ??? +14,190171178,5,190171180,5,0
494,165100816,????? ??? +15,190171178,5,190171180,5,0
495,165100817,????? ??? +16,190171178,5,190171180,5,0
496,165100818,????? ??? +17,190171178,5,190171180,5,0
497,165100819,????? ??? +18,190171178,5,190171180,5,0
498,165100820,????? ??? +19,190171178,5,190171180,5,0
499,165100821,????? ??? +20,190171178,5,190171180,5,0
500,165100822,????? ??? +21,190171178,5,190171180,5,0
501,165100823,????? ??? +22,190171178,5,190171180,5,0
502,165100824,????? ??? +23,190171178,5,190171180,5,0
503,165100825,????? ??? +24,190171178,5,190171180,5,0
504,165100826,????? ??? +25,190171178,5,190171180,5,0
505,165100827,????? ??? +26,190171178,5,190171180,5,0
506,165100828,????? ??? +27,190171178,5,190171180,5,0
507,165100829,????? ??? +28,190171178,5,190171180,5,0
508,165100830,????? ??? +29,190171178,5,190171180,5,0
509,165100831,????? ??? +30,190171178,5,190171180,5,0
510,165400701,????? ?,190171178,5,190171180,5,0
511,165400702,????? ? +1,190171178,5,190171180,5,0
512,165400703,????? ? +2,190171178,5,190171180,5,0
513,165400704,????? ? +3,190171178,5,190171180,5,0
514,165400705,????? ? +4,190171178,5,190171180,5,0
515,165400706,????? ? +5,190171178,5,190171180,5,0
516,165400707,????? ? +6,190171178,5,190171180,5,0
517,165400708,????? ? +7,190171178,5,190171180,5,0
518,165400709,????? ? +8,190171178,5,190171180,5,0
519,165400710,????? ? +9,190171178,5,190171180,5,0
520,120114401,??? ??,190171178,5,190171180,5,0
521,120114402,??? ?? ☆,190171178,5,190171180,5,0
522,120114403,??? ?? ★,190171178,5,190171180,5,0
523,120114404,??? ?? ★☆,190171178,5,190171180,5,0
524,120114405,??? ?? ★★,190171178,5,190171180,5,0
525,120114406,??? ?? ★★☆,190171178,5,190171180,5,0
526,120114407,??? ?? ★★★,190171178,5,190171180,5,0
527,60114401,??? ???,190171178,5,190171180,5,0
528,60114402,??? ??? ☆,190171178,5,190171180,5,0
529,60114403,??? ??? ★,190171178,5,190171180,5,0
530,60114404,??? ??? ★☆,190171178,5,190171180,5,0
531,60114405,??? ??? ★★,190171178,5,190171180,5,0
532,60114406,??? ??? ★★☆,190171178,5,190171180,5,0
533,60114407,??? ??? ★★★,190171178,5,190171180,5,0
534,100114401,??? ??,190171178,5,190171180,5,0
535,100114402,??? ?? ☆,190171178,5,190171180,5,0
536,100114403,??? ?? ★,190171178,5,190171180,5,0
537,100114404,??? ?? ★☆,190171178,5,190171180,5,0
538,100114405,??? ?? ★★,190171178,5,190171180,5,0
539,100114406,??? ?? ★★☆,190171178,5,190171180,5,0
540,100114407,??? ?? ★★★,190171178,5,190171180,5,0
541,40114401,??? ??,190171178,5,190171180,5,0
542,40114402,??? ?? ☆,190171178,5,190171180,5,0
543,40114403,??? ?? ★,190171178,5,190171180,5,0
544,40114404,??? ?? ★☆,190171178,5,190171180,5,0
545,40114405,??? ?? ★★,190171178,5,190171180,5,0
546,40114406,??? ?? ★★☆,190171178,5,190171180,5,0
547,40114407,??? ?? ★★★,190171178,5,190171180,5,0
548,160203601,??? ??,190171178,5,190171180,5,0
549,160203602,??? ?? ☆,190171178,5,190171180,5,0
550,160203603,??? ?? ★,190171178,5,190171180,5,0
551,160203604,??? ?? ★☆,190171178,5,190171180,5,0
552,160203605,??? ?? ★★,190171178,5,190171180,5,0
553,160203606,??? ?? ★★☆,190171178,5,190171180,5,0
554,160203607,??? ?? ★★★,190171178,5,190171180,5,0
555,110114401,??? ???,190171178,5,190171180,5,0
556,110114402,??? ??? ☆,190171178,5,190171180,5,0
557,110114403,??? ??? ★,190171178,5,190171180,5,0
558,110114404,??? ??? ★☆,190171178,5,190171180,5,0
559,110114405,??? ??? ★★,190171178,5,190171180,5,0
560,110114406,??? ??? ★★☆,190171178,5,190171180,5,0
561,110114407,??? ??? ★★★,190171178,5,190171180,5,0
562,120114411,??? ??,190171178,5,190171180,5,0
563,120114412,??? ?? ☆,190171178,5,190171180,5,0
564,120114413,??? ?? ★,190171178,5,190171180,5,0
565,120114414,??? ?? ★☆,190171178,5,190171180,5,0
566,120114415,??? ?? ★★,190171178,5,190171180,5,0
567,120114416,??? ?? ★★☆,190171178,5,190171180,5,0
568,120114417,??? ?? ★★★,190171178,5,190171180,5,0
569,60114411,??? ???,190171178,5,190171180,5,0
570,60114412,??? ??? ☆,190171178,5,190171180,5,0
571,60114413,??? ??? ★,190171178,5,190171180,5,0
572,60114414,??? ??? ★☆,190171178,5,190171180,5,0
573,60114415,??? ??? ★★,190171178,5,190171180,5,0
574,60114416,??? ??? ★★☆,190171178,5,190171180,5,0
575,60114417,??? ??? ★★★,190171178,5,190171180,5,0
576,100114411,??? ??,190171178,5,190171180,5,0
577,100114412,??? ?? ☆,190171178,5,190171180,5,0
578,100114413,??? ?? ★,190171178,5,190171180,5,0
579,100114414,??? ?? ★☆,190171178,5,190171180,5,0
580,100114415,??? ?? ★★,190171178,5,190171180,5,0
581,100114416,??? ?? ★★☆,190171178,5,190171180,5,0
582,100114417,??? ?? ★★★,190171178,5,190171180,5,0
583,40114411,??? ??,190171178,5,190171180,5,0
584,40114412,??? ?? ☆,190171178,5,190171180,5,0
585,40114413,??? ?? ★,190171178,5,190171180,5,0
586,40114414,??? ?? ★☆,190171178,5,190171180,5,0
587,40114415,??? ?? ★★,190171178,5,190171180,5,0
588,40114416,??? ?? ★★☆,190171178,5,190171180,5,0
589,40114417,??? ?? ★★★,190171178,5,190171180,5,0
590,160203611,??? ??,190171178,5,190171180,5,0
591,160203612,??? ?? ☆,190171178,5,190171180,5,0
592,160203613,??? ?? ★,190171178,5,190171180,5,0
593,160203614,??? ?? ★☆,190171178,5,190171180,5,0
594,160203615,??? ?? ★★,190171178,5,190171180,5,0
595,160203616,??? ?? ★★☆,190171178,5,190171180,5,0
596,160203617,??? ?? ★★★,190171178,5,190171180,5,0
597,110114411,??? ???,190171178,5,190171180,5,0
598,110114412,??? ??? ☆,190171178,5,190171180,5,0
599,110114413,??? ??? ★,190171178,5,190171180,5,0
600,110114414,??? ??? ★☆,190171178,5,190171180,5,0
601,110114415,??? ??? ★★,190171178,5,190171180,5,0
602,110114416,??? ??? ★★☆,190171178,5,190171180,5,0
603,110114417,??? ??? ★★★,190171178,5,190171180,5,0
604,164001201,????? ???,190171178,5,190171180,5,0
605,164001202,????? ??? ☆,190171178,5,190171180,5,0
606,164001203,????? ??? ★,190171178,5,190171180,5,0
607,164001204,????? ??? ★☆,190171178,5,190171180,5,0
608,164001205,????? ??? ★★,190171178,5,190171180,5,0
609,164001206,????? ??? ★★☆,190171178,5,190171180,5,0
610,164001207,????? ??? ★★★,190171178,5,190171180,5,0
611,164601201,????? ??? ??,190171178,5,190171180,5,0
612,164601202,????? ??? ?? ☆,190171178,5,190171180,5,0
613,164601203,????? ??? ?? ★,190171178,5,190171180,5,0
614,164601204,????? ??? ?? ★☆,190171178,5,190171180,5,0
615,164601205,????? ??? ?? ★★,190171178,5,190171180,5,0
616,164601206,????? ??? ?? ★★☆,190171178,5,190171180,5,0
617,164601207,????? ??? ?? ★★★,190171178,5,190171180,5,0
618,164801301,????? ??? ??,190171178,5,190171180,5,0
619,164801302,????? ??? ?? ☆,190171178,5,190171180,5,0
620,164801303,????? ??? ?? ★,190171178,5,190171180,5,0
621,164801304,????? ??? ?? ★☆,190171178,5,190171180,5,0
622,164801305,????? ??? ?? ★★,190171178,5,190171180,5,0
623,164801306,????? ??? ?? ★★☆,190171178,5,190171180,5,0
624,164801307,????? ??? ?? ★★★,190171178,5,190171180,5,0
625,165200801,????? ??,190171178,5,190171180,5,0
626,165200802,????? ?? +1,190171178,5,190171180,5,0
627,165200803,????? ?? +2,190171178,5,190171180,5,0
628,165200804,????? ?? +3,190171178,5,190171180,5,0
629,165200805,????? ?? +4,190171178,5,190171180,5,0
630,165200806,????? ?? +5,190171178,5,190171180,5,0
631,165200807,????? ?? +6,190171178,5,190171180,5,0
632,165200808,????? ?? +7,190171178,5,190171180,5,0
633,165200809,????? ?? +8,190171178,5,190171180,5,0
634,165200810,????? ?? +9,190171178,5,190171180,5,0
635,165200811,????? ?? +10,190171178,5,190171180,5,0
636,165200812,????? ?? +11,190171178,5,190171180,5,0
637,165200813,????? ?? +12,190171178,5,190171180,5,0
638,165200814,????? ?? +13,190171178,5,190171180,5,0
639,165200815,????? ?? +14,190171178,5,190171180,5,0
640,165200816,????? ?? +15,190171178,5,190171180,5,0
641,165200817,????? ?? +16,190171178,5,190171180,5,0
642,165200818,????? ?? +17,190171178,5,190171180,5,0
643,165200819,????? ?? +18,190171178,5,190171180,5,0
644,165200820,????? ?? +19,190171178,5,190171180,5,0
645,165200821,????? ?? +20,190171178,5,190171180,5,0
646,165200822,????? ?? +21,190171178,5,190171180,5,0
647,165200823,????? ?? +22,190171178,5,190171180,5,0
648,165200824,????? ?? +23,190171178,5,190171180,5,0
649,165200825,????? ?? +24,190171178,5,190171180,5,0
650,165200826,????? ?? +25,190171178,5,190171180,5,0
651,165200827,????? ?? +26,190171178,5,190171180,5,0
652,165200828,????? ?? +27,190171178,5,190171180,5,0
653,165200829,????? ?? +28,190171178,5,190171180,5,0
654,165200830,????? ?? +29,190171178,5,190171180,5,0
655,165200831,????? ?? +30,190171178,5,190171180,5,0
656,0,,0,0,0,0,0
657,0,,0,0,0,0,0
658,0,,0,0,0,0,0
659,0,,0,0,0,0,0
660,0,,0,0,0,0,0
661,0,,0,0,0,0,0
662,0,,0,0,0,0,0
663,0,,0,0,0,0,0
664,0,,0,0,0,0,0
665,0,,0,0,0,0,0
666,0,,0,0,0,0,0
667,0,,0,0,0,0,0
668,0,,0,0,0,0,0
669,0,,0,0,0,0,0
670,0,,0,0,0,0,0
671,0,,0,0,0,0,0
672,0,,0,0,0,0,0
673,0,,0,0,0,0,0
674,0,,0,0,0,0,0
675,0,,0,0,0,0,0
676,0,,0,0,0,0,0
677,0,,0,0,0,0,0
678,0,,0,0,0,0,0
679,0,,0,0,0,0,0
680,0,,0,0,0,0,0
681,0,,0,0,0,0,0
682,0,,0,0,0,0,0
683,0,,0,0,0,0,0
684,0,,0,0,0,0,0
685,0,,0,0,0,0,0
686,0,,0,0,0,0,0
687,0,,0,0,0,0,0
688,0,,0,0,0,0,0
689,0,,0,0,0,0,0
690,0,,0,0,0,0,0
691,0,,0,0,0,0,0
692,0,,0,0,0,0,0
693,0,,0,0,0,0,0
694,0,,0,0,0,0,0
695,0,,0,0,0,0,0
696,0,,0,0,0,0,0
697,0,,0,0,0,0,0
698,0,,0,0,0,0,0
699,0,,0,0,0,0,0
700,0,,0,0,0,0,0
