ID,_ItemID1,_ItemID2,_ItemID3,_ItemID4,_ItemID5,_ItemID6,_ItemID7,_ItemID8,_ItemID9,_ItemID10,_ItemID11,_ItemID12,_ItemID13,_ItemID14,_ItemID15,_ItemID16,_ItemID17,_ItemID18,_ItemID19,_ItemID20
7000006,7000006,0,0,0,0,0,0,0,0,0,0,0,0,0,0,0,0,0,0,0
7000007,7000007,0,0,0,0,0,0,0,0,0,0,0,0,0,0,0,0,0,0,0
7000010,7000010,0,0,0,0,0,0,0,0,0,0,0,0,0,0,0,0,0,0,0
7000011,7000011,0,0,0,0,0,0,0,0,0,0,0,0,0,0,0,0,0,0,0
7000135,7000135,0,0,0,0,0,0,0,0,0,0,0,0,0,0,0,0,0,0,0
7990299,7990299,0,0,0,0,0,0,0,0,0,0,0,0,0,0,0,0,0,0,0
7990399,7990399,0,0,0,0,0,0,0,0,0,0,0,0,0,0,0,0,0,0,0
7030005,7030501,7030502,7030503,0,0,0,0,0,0,0,0,0,0,0,0,0,0,0,0,0
7990401,7990401,7990402,7990403,7990404,7990405,0,0,0,0,0,0,0,0,0,0,0,0,0,0,0
7990499,7990499,0,0,0,0,0,0,0,0,0,0,0,0,0,0,0,0,0,0,0
7999901,7999901,0,0,0,0,0,0,0,0,0,0,0,0,0,0,0,0,0,0,0
7160900,7060902,7060911,7060921,7060931,7060941,7062001,7060975,7060976,0,0,0,0,0,0,0,0,0,0,0,0
7160901,7060901,7060910,7060920,7060930,7060940,7062000,7060975,7060976,150118,0,0,0,0,0,0,0,0,0,0,0
7170300,7070301,7070302,7070303,7070304,7070305,7070306,7070385,7070386,150119,0,0,0,0,0,0,0,0,0,0,0
7180001,7080001,0,0,0,0,0,0,0,0,0,0,0,0,0,0,0,0,0,0,0
7160950,7060951,7060961,7060971,7060981,7060991,7062101,7060995,0,0,0,0,0,0,0,0,0,0,0,0,0
7160951,7060950,7060960,7060970,7060980,7060990,7062100,7060986,7060987,150120,0,0,0,0,0,0,0,0,0,0,0
7170400,7070401,7070402,7070403,7070404,7070405,7070406,7070496,7070497,150121,0,0,0,0,0,0,0,0,0,0,0
7000600,7000600,0,0,0,0,0,0,0,0,0,0,0,0,0,0,0,0,0,0,0
7000700,7000700,0,0,0,0,0,0,0,0,0,0,0,0,0,0,0,0,0,0,0
7120110,7020110,7010110,7010111,7020111,7020112,7020113,7010112,7020114,7020115,7020116,7010113,7020117,7020129,7020130,7020170,0,0,0,0,0
7120111,7020118,7020119,7020120,7020121,7020122,7020123,7020124,7020125,7010114,7020126,7020127,7020128,7020131,7020132,0,0,0,0,0,0
7120001,7020001,7020002,0,0,0,0,0,0,0,0,0,0,0,0,0,0,0,0,0,0
5010001,5010101,0,0,0,0,0,0,0,0,0,0,0,0,0,0,0,0,0,0,0
5010002,5010102,0,0,0,0,0,0,0,0,0,0,0,0,0,0,0,0,0,0,0
5010003,5010103,0,0,0,0,0,0,0,0,0,0,0,0,0,0,0,0,0,0,0
5010004,5010104,0,0,0,0,0,0,0,0,0,0,0,0,0,0,0,0,0,0,0
5010005,5010105,0,0,0,0,0,0,0,0,0,0,0,0,0,0,0,0,0,0,0
5010006,5010106,0,0,0,0,0,0,0,0,0,0,0,0,0,0,0,0,0,0,0
5010007,5010107,0,0,0,0,0,0,0,0,0,0,0,0,0,0,0,0,0,0,0
5010008,5010108,0,0,0,0,0,0,0,0,0,0,0,0,0,0,0,0,0,0,0
5010009,5010109,0,0,0,0,0,0,0,0,0,0,0,0,0,0,0,0,0,0,0
5010010,5010110,0,0,0,0,0,0,0,0,0,0,0,0,0,0,0,0,0,0,0
5010011,5010111,0,0,0,0,0,0,0,0,0,0,0,0,0,0,0,0,0,0,0
5010012,5010112,0,0,0,0,0,0,0,0,0,0,0,0,0,0,0,0,0,0,0
5010013,5010113,0,0,0,0,0,0,0,0,0,0,0,0,0,0,0,0,0,0,0
5010014,5010114,0,0,0,0,0,0,0,0,0,0,0,0,0,0,0,0,0,0,0
5010015,5010115,0,0,0,0,0,0,0,0,0,0,0,0,0,0,0,0,0,0,0
5020001,5020101,0,0,0,0,0,0,0,0,0,0,0,0,0,0,0,0,0,0,0
5020002,5020102,0,0,0,0,0,0,0,0,0,0,0,0,0,0,0,0,0,0,0
5020003,5020103,0,0,0,0,0,0,0,0,0,0,0,0,0,0,0,0,0,0,0
5020004,5020104,0,0,0,0,0,0,0,0,0,0,0,0,0,0,0,0,0,0,0
5020005,5020105,0,0,0,0,0,0,0,0,0,0,0,0,0,0,0,0,0,0,0
5020006,5020106,0,0,0,0,0,0,0,0,0,0,0,0,0,0,0,0,0,0,0
5020007,5020107,0,0,0,0,0,0,0,0,0,0,0,0,0,0,0,0,0,0,0
5020008,5020108,0,0,0,0,0,0,0,0,0,0,0,0,0,0,0,0,0,0,0
5020009,5020109,0,0,0,0,0,0,0,0,0,0,0,0,0,0,0,0,0,0,0
5020010,5020110,0,0,0,0,0,0,0,0,0,0,0,0,0,0,0,0,0,0,0
5020011,5020111,0,0,0,0,0,0,0,0,0,0,0,0,0,0,0,0,0,0,0
5020012,5020112,0,0,0,0,0,0,0,0,0,0,0,0,0,0,0,0,0,0,0
5020013,5020113,0,0,0,0,0,0,0,0,0,0,0,0,0,0,0,0,0,0,0
5020014,5020114,0,0,0,0,0,0,0,0,0,0,0,0,0,0,0,0,0,0,0
5020015,5020115,0,0,0,0,0,0,0,0,0,0,0,0,0,0,0,0,0,0,0
5030001,5030101,0,0,0,0,0,0,0,0,0,0,0,0,0,0,0,0,0,0,0
5030002,5030102,0,0,0,0,0,0,0,0,0,0,0,0,0,0,0,0,0,0,0
5030003,5030103,0,0,0,0,0,0,0,0,0,0,0,0,0,0,0,0,0,0,0
5030004,5030104,0,0,0,0,0,0,0,0,0,0,0,0,0,0,0,0,0,0,0
5030005,5030105,0,0,0,0,0,0,0,0,0,0,0,0,0,0,0,0,0,0,0
5030006,5030106,0,0,0,0,0,0,0,0,0,0,0,0,0,0,0,0,0,0,0
5030007,5030107,0,0,0,0,0,0,0,0,0,0,0,0,0,0,0,0,0,0,0
5030008,5030108,0,0,0,0,0,0,0,0,0,0,0,0,0,0,0,0,0,0,0
5030009,5030109,0,0,0,0,0,0,0,0,0,0,0,0,0,0,0,0,0,0,0
5030010,5030110,0,0,0,0,0,0,0,0,0,0,0,0,0,0,0,0,0,0,0
5030011,5030111,0,0,0,0,0,0,0,0,0,0,0,0,0,0,0,0,0,0,0
5030012,5030112,0,0,0,0,0,0,0,0,0,0,0,0,0,0,0,0,0,0,0
5030013,5030113,0,0,0,0,0,0,0,0,0,0,0,0,0,0,0,0,0,0,0
5030014,5030114,0,0,0,0,0,0,0,0,0,0,0,0,0,0,0,0,0,0,0
5030015,5030115,0,0,0,0,0,0,0,0,0,0,0,0,0,0,0,0,0,0,0
5040001,5040101,0,0,0,0,0,0,0,0,0,0,0,0,0,0,0,0,0,0,0
5040002,5040102,0,0,0,0,0,0,0,0,0,0,0,0,0,0,0,0,0,0,0
5040003,5040103,0,0,0,0,0,0,0,0,0,0,0,0,0,0,0,0,0,0,0
5040004,5040104,0,0,0,0,0,0,0,0,0,0,0,0,0,0,0,0,0,0,0
5040005,5040105,0,0,0,0,0,0,0,0,0,0,0,0,0,0,0,0,0,0,0
5040006,5040106,0,0,0,0,0,0,0,0,0,0,0,0,0,0,0,0,0,0,0
5040007,5040107,0,0,0,0,0,0,0,0,0,0,0,0,0,0,0,0,0,0,0
5040008,5040108,0,0,0,0,0,0,0,0,0,0,0,0,0,0,0,0,0,0,0
5040009,5040109,0,0,0,0,0,0,0,0,0,0,0,0,0,0,0,0,0,0,0
5040010,5040110,0,0,0,0,0,0,0,0,0,0,0,0,0,0,0,0,0,0,0
5040011,5040111,0,0,0,0,0,0,0,0,0,0,0,0,0,0,0,0,0,0,0
5040012,5040112,0,0,0,0,0,0,0,0,0,0,0,0,0,0,0,0,0,0,0
5040013,5040113,0,0,0,0,0,0,0,0,0,0,0,0,0,0,0,0,0,0,0
5040014,5040114,0,0,0,0,0,0,0,0,0,0,0,0,0,0,0,0,0,0,0
5040015,5040115,0,0,0,0,0,0,0,0,0,0,0,0,0,0,0,0,0,0,0
5050001,5050101,0,0,0,0,0,0,0,0,0,0,0,0,0,0,0,0,0,0,0
5050002,5050102,0,0,0,0,0,0,0,0,0,0,0,0,0,0,0,0,0,0,0
5050003,5050103,0,0,0,0,0,0,0,0,0,0,0,0,0,0,0,0,0,0,0
5050004,5050104,0,0,0,0,0,0,0,0,0,0,0,0,0,0,0,0,0,0,0
5050005,5050105,0,0,0,0,0,0,0,0,0,0,0,0,0,0,0,0,0,0,0
5050006,5050106,0,0,0,0,0,0,0,0,0,0,0,0,0,0,0,0,0,0,0
5050007,5050107,0,0,0,0,0,0,0,0,0,0,0,0,0,0,0,0,0,0,0
5050008,5050108,0,0,0,0,0,0,0,0,0,0,0,0,0,0,0,0,0,0,0
5050009,5050109,0,0,0,0,0,0,0,0,0,0,0,0,0,0,0,0,0,0,0
5050010,5050110,0,0,0,0,0,0,0,0,0,0,0,0,0,0,0,0,0,0,0
5050011,5050111,0,0,0,0,0,0,0,0,0,0,0,0,0,0,0,0,0,0,0
5050012,5050112,0,0,0,0,0,0,0,0,0,0,0,0,0,0,0,0,0,0,0
5050013,5050113,0,0,0,0,0,0,0,0,0,0,0,0,0,0,0,0,0,0,0
5050014,5050114,0,0,0,0,0,0,0,0,0,0,0,0,0,0,0,0,0,0,0
5050015,5050115,0,0,0,0,0,0,0,0,0,0,0,0,0,0,0,0,0,0,0
5060007,5060107,0,0,0,0,0,0,0,0,0,0,0,0,0,0,0,0,0,0,0
5060008,5060108,0,0,0,0,0,0,0,0,0,0,0,0,0,0,0,0,0,0,0
5060009,5060109,0,0,0,0,0,0,0,0,0,0,0,0,0,0,0,0,0,0,0
5060010,5060110,0,0,0,0,0,0,0,0,0,0,0,0,0,0,0,0,0,0,0
5060011,5060111,0,0,0,0,0,0,0,0,0,0,0,0,0,0,0,0,0,0,0
5060012,5060112,0,0,0,0,0,0,0,0,0,0,0,0,0,0,0,0,0,0,0
5060013,5060113,0,0,0,0,0,0,0,0,0,0,0,0,0,0,0,0,0,0,0
5060014,5060114,0,0,0,0,0,0,0,0,0,0,0,0,0,0,0,0,0,0,0
5060015,5060115,0,0,0,0,0,0,0,0,0,0,0,0,0,0,0,0,0,0,0
6010001,6010101,6010201,0,0,0,0,0,0,0,0,0,0,0,0,0,0,0,0,0,0
6020001,6020101,0,0,0,0,0,0,0,0,0,0,0,0,0,0,0,0,0,0,0
6030001,6030101,0,0,0,0,0,0,0,0,0,0,0,0,0,0,0,0,0,0,0
6040001,6040101,0,0,0,0,0,0,0,0,0,0,0,0,0,0,0,0,0,0,0
6050001,6050101,0,0,0,0,0,0,0,0,0,0,0,0,0,0,0,0,0,0,0
8000001,8000001,0,0,0,0,0,0,0,0,0,0,0,0,0,0,0,0,0,0,0
8000002,8000002,0,0,0,0,0,0,0,0,0,0,0,0,0,0,0,0,0,0,0
8000003,8000003,0,0,0,0,0,0,0,0,0,0,0,0,0,0,0,0,0,0,0
8000004,8000004,0,0,0,0,0,0,0,0,0,0,0,0,0,0,0,0,0,0,0
8000005,8000005,0,0,0,0,0,0,0,0,0,0,0,0,0,0,0,0,0,0,0
8000006,8000006,0,0,0,0,0,0,0,0,0,0,0,0,0,0,0,0,0,0,0
8000007,8000007,0,0,0,0,0,0,0,0,0,0,0,0,0,0,0,0,0,0,0
8000008,8000008,0,0,0,0,0,0,0,0,0,0,0,0,0,0,0,0,0,0,0
8000009,8000009,0,0,0,0,0,0,0,0,0,0,0,0,0,0,0,0,0,0,0
8000010,8000010,0,0,0,0,0,0,0,0,0,0,0,0,0,0,0,0,0,0,0
8000011,8000011,0,0,0,0,0,0,0,0,0,0,0,0,0,0,0,0,0,0,0
8000012,8000012,0,0,0,0,0,0,0,0,0,0,0,0,0,0,0,0,0,0,0
8000013,8000013,0,0,0,0,0,0,0,0,0,0,0,0,0,0,0,0,0,0,0
3000090,0,0,0,0,0,0,0,0,0,0,0,0,0,0,0,0,0,0,0,0
3010001,3010101,0,0,0,0,0,0,0,0,0,0,0,0,0,0,0,0,0,0,0
3010002,3010102,0,0,0,0,0,0,0,0,0,0,0,0,0,0,0,0,0,0,0
3010003,3010103,0,0,0,0,0,0,0,0,0,0,0,0,0,0,0,0,0,0,0
3010004,3010104,0,0,0,0,0,0,0,0,0,0,0,0,0,0,0,0,0,0,0
3010005,3010105,0,0,0,0,0,0,0,0,0,0,0,0,0,0,0,0,0,0,0
3010006,3010106,0,0,0,0,0,0,0,0,0,0,0,0,0,0,0,0,0,0,0
3010007,3010107,0,0,0,0,0,0,0,0,0,0,0,0,0,0,0,0,0,0,0
3010008,3010108,0,0,0,0,0,0,0,0,0,0,0,0,0,0,0,0,0,0,0
3010009,3010109,0,0,0,0,0,0,0,0,0,0,0,0,0,0,0,0,0,0,0
3010010,3010110,0,0,0,0,0,0,0,0,0,0,0,0,0,0,0,0,0,0,0
3010011,3010111,0,0,0,0,0,0,0,0,0,0,0,0,0,0,0,0,0,0,0
3010012,3010112,0,0,0,0,0,0,0,0,0,0,0,0,0,0,0,0,0,0,0
3010013,3010113,0,0,0,0,0,0,0,0,0,0,0,0,0,0,0,0,0,0,0
3010014,3010114,0,0,0,0,0,0,0,0,0,0,0,0,0,0,0,0,0,0,0
3010015,3010115,0,0,0,0,0,0,0,0,0,0,0,0,0,0,0,0,0,0,0
3010016,3010116,0,0,0,0,0,0,0,0,0,0,0,0,0,0,0,0,0,0,0
3010017,3010117,0,0,0,0,0,0,0,0,0,0,0,0,0,0,0,0,0,0,0
3010018,3010118,0,0,0,0,0,0,0,0,0,0,0,0,0,0,0,0,0,0,0
3010019,3010119,0,0,0,0,0,0,0,0,0,0,0,0,0,0,0,0,0,0,0
3010020,3010120,0,0,0,0,0,0,0,0,0,0,0,0,0,0,0,0,0,0,0
3010021,3010121,0,0,0,0,0,0,0,0,0,0,0,0,0,0,0,0,0,0,0
3020001,3020101,0,0,0,0,0,0,0,0,0,0,0,0,0,0,0,0,0,0,0
3020002,3020102,0,0,0,0,0,0,0,0,0,0,0,0,0,0,0,0,0,0,0
3020003,3020103,0,0,0,0,0,0,0,0,0,0,0,0,0,0,0,0,0,0,0
3020004,3020104,0,0,0,0,0,0,0,0,0,0,0,0,0,0,0,0,0,0,0
3020005,3020105,0,0,0,0,0,0,0,0,0,0,0,0,0,0,0,0,0,0,0
3020006,3020106,0,0,0,0,0,0,0,0,0,0,0,0,0,0,0,0,0,0,0
3020007,3020107,0,0,0,0,0,0,0,0,0,0,0,0,0,0,0,0,0,0,0
3020008,3020108,0,0,0,0,0,0,0,0,0,0,0,0,0,0,0,0,0,0,0
3020009,3020109,0,0,0,0,0,0,0,0,0,0,0,0,0,0,0,0,0,0,0
3020010,3020110,0,0,0,0,0,0,0,0,0,0,0,0,0,0,0,0,0,0,0
3020011,3020111,0,0,0,0,0,0,0,0,0,0,0,0,0,0,0,0,0,0,0
3020012,3020112,0,0,0,0,0,0,0,0,0,0,0,0,0,0,0,0,0,0,0
3020013,3020113,0,0,0,0,0,0,0,0,0,0,0,0,0,0,0,0,0,0,0
3020014,3020114,0,0,0,0,0,0,0,0,0,0,0,0,0,0,0,0,0,0,0
3020015,3020115,0,0,0,0,0,0,0,0,0,0,0,0,0,0,0,0,0,0,0
3020016,3020116,0,0,0,0,0,0,0,0,0,0,0,0,0,0,0,0,0,0,0
3020017,3020117,0,0,0,0,0,0,0,0,0,0,0,0,0,0,0,0,0,0,0
3020018,3020118,0,0,0,0,0,0,0,0,0,0,0,0,0,0,0,0,0,0,0
3020019,3020119,0,0,0,0,0,0,0,0,0,0,0,0,0,0,0,0,0,0,0
3020020,3020120,0,0,0,0,0,0,0,0,0,0,0,0,0,0,0,0,0,0,0
3020021,3020121,0,0,0,0,0,0,0,0,0,0,0,0,0,0,0,0,0,0,0
3030001,3030101,0,0,0,0,0,0,0,0,0,0,0,0,0,0,0,0,0,0,0
3030002,3030102,0,0,0,0,0,0,0,0,0,0,0,0,0,0,0,0,0,0,0
3030003,3030103,0,0,0,0,0,0,0,0,0,0,0,0,0,0,0,0,0,0,0
3030004,3030104,0,0,0,0,0,0,0,0,0,0,0,0,0,0,0,0,0,0,0
3030005,3030105,0,0,0,0,0,0,0,0,0,0,0,0,0,0,0,0,0,0,0
3030006,3030106,0,0,0,0,0,0,0,0,0,0,0,0,0,0,0,0,0,0,0
3030007,3030107,0,0,0,0,0,0,0,0,0,0,0,0,0,0,0,0,0,0,0
3030008,3030108,0,0,0,0,0,0,0,0,0,0,0,0,0,0,0,0,0,0,0
3030009,3030109,0,0,0,0,0,0,0,0,0,0,0,0,0,0,0,0,0,0,0
3030010,3030110,0,0,0,0,0,0,0,0,0,0,0,0,0,0,0,0,0,0,0
3030011,3030111,0,0,0,0,0,0,0,0,0,0,0,0,0,0,0,0,0,0,0
3030012,3030112,0,0,0,0,0,0,0,0,0,0,0,0,0,0,0,0,0,0,0
3030013,3030113,0,0,0,0,0,0,0,0,0,0,0,0,0,0,0,0,0,0,0
3030014,3030114,0,0,0,0,0,0,0,0,0,0,0,0,0,0,0,0,0,0,0
3030015,3030115,0,0,0,0,0,0,0,0,0,0,0,0,0,0,0,0,0,0,0
3030016,3030116,0,0,0,0,0,0,0,0,0,0,0,0,0,0,0,0,0,0,0
3030017,3030117,0,0,0,0,0,0,0,0,0,0,0,0,0,0,0,0,0,0,0
3030018,3030118,0,0,0,0,0,0,0,0,0,0,0,0,0,0,0,0,0,0,0
3030019,3030119,0,0,0,0,0,0,0,0,0,0,0,0,0,0,0,0,0,0,0
3030020,3030120,0,0,0,0,0,0,0,0,0,0,0,0,0,0,0,0,0,0,0
3030021,3030121,0,0,0,0,0,0,0,0,0,0,0,0,0,0,0,0,0,0,0
3040001,3040101,0,0,0,0,0,0,0,0,0,0,0,0,0,0,0,0,0,0,0
3040002,3040102,0,0,0,0,0,0,0,0,0,0,0,0,0,0,0,0,0,0,0
3040003,3040103,0,0,0,0,0,0,0,0,0,0,0,0,0,0,0,0,0,0,0
3040004,3040104,0,0,0,0,0,0,0,0,0,0,0,0,0,0,0,0,0,0,0
3040005,3040105,0,0,0,0,0,0,0,0,0,0,0,0,0,0,0,0,0,0,0
3040006,3040106,0,0,0,0,0,0,0,0,0,0,0,0,0,0,0,0,0,0,0
3040007,3040107,0,0,0,0,0,0,0,0,0,0,0,0,0,0,0,0,0,0,0
3040008,3040108,0,0,0,0,0,0,0,0,0,0,0,0,0,0,0,0,0,0,0
3040009,3040109,0,0,0,0,0,0,0,0,0,0,0,0,0,0,0,0,0,0,0
3040010,3040110,0,0,0,0,0,0,0,0,0,0,0,0,0,0,0,0,0,0,0
3040011,3040111,0,0,0,0,0,0,0,0,0,0,0,0,0,0,0,0,0,0,0
3040012,3040112,0,0,0,0,0,0,0,0,0,0,0,0,0,0,0,0,0,0,0
3040013,3040113,0,0,0,0,0,0,0,0,0,0,0,0,0,0,0,0,0,0,0
3040014,3040114,0,0,0,0,0,0,0,0,0,0,0,0,0,0,0,0,0,0,0
3040015,3040115,0,0,0,0,0,0,0,0,0,0,0,0,0,0,0,0,0,0,0
3040016,3040116,0,0,0,0,0,0,0,0,0,0,0,0,0,0,0,0,0,0,0
3040017,3040117,0,0,0,0,0,0,0,0,0,0,0,0,0,0,0,0,0,0,0
3040018,3040118,0,0,0,0,0,0,0,0,0,0,0,0,0,0,0,0,0,0,0
3040019,3040119,0,0,0,0,0,0,0,0,0,0,0,0,0,0,0,0,0,0,0
3040020,3040120,0,0,0,0,0,0,0,0,0,0,0,0,0,0,0,0,0,0,0
3040021,3040121,0,0,0,0,0,0,0,0,0,0,0,0,0,0,0,0,0,0,0
3100000,0,0,0,0,0,0,0,0,0,0,0,0,0,0,0,0,0,0,0,0
3110101,0,0,0,0,0,0,0,0,0,0,0,0,0,0,0,0,0,0,0,0
3110102,0,0,0,0,0,0,0,0,0,0,0,0,0,0,0,0,0,0,0,0
3100103,3100103,0,0,0,0,0,0,0,0,0,0,0,0,0,0,0,0,0,0,0
4050001,0,0,0,0,0,0,0,0,0,0,0,0,0,0,0,0,0,0,0,0
4060001,0,0,0,0,0,0,0,0,0,0,0,0,0,0,0,0,0,0,0,0
9210001,9210001,0,0,0,0,0,0,0,0,0,0,0,0,0,0,0,0,0,0,0
9210002,9210002,0,0,0,0,0,0,0,0,0,0,0,0,0,0,0,0,0,0,0
9210003,9210003,0,0,0,0,0,0,0,0,0,0,0,0,0,0,0,0,0,0,0
9210004,9210004,0,0,0,0,0,0,0,0,0,0,0,0,0,0,0,0,0,0,0
9210005,9210005,0,0,0,0,0,0,0,0,0,0,0,0,0,0,0,0,0,0,0
9210006,9210006,0,0,0,0,0,0,0,0,0,0,0,0,0,0,0,0,0,0,0
9210007,9210007,0,0,0,0,0,0,0,0,0,0,0,0,0,0,0,0,0,0,0
9210008,9210008,0,0,0,0,0,0,0,0,0,0,0,0,0,0,0,0,0,0,0
9210009,9210009,0,0,0,0,0,0,0,0,0,0,0,0,0,0,0,0,0,0,0
9220001,9220001,0,0,0,0,0,0,0,0,0,0,0,0,0,0,0,0,0,0,0
9220002,9220002,0,0,0,0,0,0,0,0,0,0,0,0,0,0,0,0,0,0,0
9220003,9220003,0,0,0,0,0,0,0,0,0,0,0,0,0,0,0,0,0,0,0
9220004,9220004,0,0,0,0,0,0,0,0,0,0,0,0,0,0,0,0,0,0,0
9220005,9220005,0,0,0,0,0,0,0,0,0,0,0,0,0,0,0,0,0,0,0
9220006,9220006,0,0,0,0,0,0,0,0,0,0,0,0,0,0,0,0,0,0,0
9220007,9220007,0,0,0,0,0,0,0,0,0,0,0,0,0,0,0,0,0,0,0
9220008,9220008,0,0,0,0,0,0,0,0,0,0,0,0,0,0,0,0,0,0,0
9220009,9220009,0,0,0,0,0,0,0,0,0,0,0,0,0,0,0,0,0,0,0
9230001,9230001,0,0,0,0,0,0,0,0,0,0,0,0,0,0,0,0,0,0,0
9230002,9230002,0,0,0,0,0,0,0,0,0,0,0,0,0,0,0,0,0,0,0
9230003,9230003,0,0,0,0,0,0,0,0,0,0,0,0,0,0,0,0,0,0,0
9230004,9230004,0,0,0,0,0,0,0,0,0,0,0,0,0,0,0,0,0,0,0
9230005,9230005,0,0,0,0,0,0,0,0,0,0,0,0,0,0,0,0,0,0,0
9230006,9230006,0,0,0,0,0,0,0,0,0,0,0,0,0,0,0,0,0,0,0
9230007,9230007,0,0,0,0,0,0,0,0,0,0,0,0,0,0,0,0,0,0,0
9230008,9230008,0,0,0,0,0,0,0,0,0,0,0,0,0,0,0,0,0,0,0
9230009,9230009,0,0,0,0,0,0,0,0,0,0,0,0,0,0,0,0,0,0,0
9240001,9240001,0,0,0,0,0,0,0,0,0,0,0,0,0,0,0,0,0,0,0
9240002,9240002,0,0,0,0,0,0,0,0,0,0,0,0,0,0,0,0,0,0,0
9240003,9240003,0,0,0,0,0,0,0,0,0,0,0,0,0,0,0,0,0,0,0
9240004,9240004,0,0,0,0,0,0,0,0,0,0,0,0,0,0,0,0,0,0,0
9240005,9240005,0,0,0,0,0,0,0,0,0,0,0,0,0,0,0,0,0,0,0
9240006,9240006,0,0,0,0,0,0,0,0,0,0,0,0,0,0,0,0,0,0,0
9240007,9240007,0,0,0,0,0,0,0,0,0,0,0,0,0,0,0,0,0,0,0
9240008,9240008,0,0,0,0,0,0,0,0,0,0,0,0,0,0,0,0,0,0,0
9240009,9240009,0,0,0,0,0,0,0,0,0,0,0,0,0,0,0,0,0,0,0
9250001,9250001,0,0,0,0,0,0,0,0,0,0,0,0,0,0,0,0,0,0,0
9250002,9250002,0,0,0,0,0,0,0,0,0,0,0,0,0,0,0,0,0,0,0
9250003,9250003,0,0,0,0,0,0,0,0,0,0,0,0,0,0,0,0,0,0,0
9250004,9250004,0,0,0,0,0,0,0,0,0,0,0,0,0,0,0,0,0,0,0
9250005,9250005,0,0,0,0,0,0,0,0,0,0,0,0,0,0,0,0,0,0,0
9250006,9250006,0,0,0,0,0,0,0,0,0,0,0,0,0,0,0,0,0,0,0
9250007,9250007,0,0,0,0,0,0,0,0,0,0,0,0,0,0,0,0,0,0,0
9250008,9250008,0,0,0,0,0,0,0,0,0,0,0,0,0,0,0,0,0,0,0
9250009,9250009,0,0,0,0,0,0,0,0,0,0,0,0,0,0,0,0,0,0,0
9250010,9250010,0,0,0,0,0,0,0,0,0,0,0,0,0,0,0,0,0,0,0
9270001,9270001,9270101,0,0,0,0,0,0,0,0,0,0,0,0,0,0,0,0,0,0
9270002,9270002,9270102,0,0,0,0,0,0,0,0,0,0,0,0,0,0,0,0,0,0
9270003,9270003,9270103,0,0,0,0,0,0,0,0,0,0,0,0,0,0,0,0,0,0
9270004,9270004,9270104,0,0,0,0,0,0,0,0,0,0,0,0,0,0,0,0,0,0
9270005,9270005,9270105,0,0,0,0,0,0,0,0,0,0,0,0,0,0,0,0,0,0
9270006,9270006,9270106,0,0,0,0,0,0,0,0,0,0,0,0,0,0,0,0,0,0
9270007,9270007,9270107,0,0,0,0,0,0,0,0,0,0,0,0,0,0,0,0,0,0
9270008,9270008,9270108,0,0,0,0,0,0,0,0,0,0,0,0,0,0,0,0,0,0
9270009,9270009,9270109,0,0,0,0,0,0,0,0,0,0,0,0,0,0,0,0,0,0
9270010,9270010,9270110,0,0,0,0,0,0,0,0,0,0,0,0,0,0,0,0,0,0
9280001,9280001,0,0,0,0,0,0,0,0,0,0,0,0,0,0,0,0,0,0,0
9280002,9280002,0,0,0,0,0,0,0,0,0,0,0,0,0,0,0,0,0,0,0
9280003,9280003,0,0,0,0,0,0,0,0,0,0,0,0,0,0,0,0,0,0,0
9280004,9280004,0,0,0,0,0,0,0,0,0,0,0,0,0,0,0,0,0,0,0
9290001,9290001,9290101,0,0,0,0,0,0,0,0,0,0,0,0,0,0,0,0,0,0
9290002,9290002,9290102,0,0,0,0,0,0,0,0,0,0,0,0,0,0,0,0,0,0
9290003,9290003,9290103,0,0,0,0,0,0,0,0,0,0,0,0,0,0,0,0,0,0
9290004,9290004,9290104,0,0,0,0,0,0,0,0,0,0,0,0,0,0,0,0,0,0
9290005,9290005,9290105,0,0,0,0,0,0,0,0,0,0,0,0,0,0,0,0,0,0
9290006,9290006,9290106,0,0,0,0,0,0,0,0,0,0,0,0,0,0,0,0,0,0
9290007,9290007,9290107,0,0,0,0,0,0,0,0,0,0,0,0,0,0,0,0,0,0
9290008,9290008,9290108,0,0,0,0,0,0,0,0,0,0,0,0,0,0,0,0,0,0
9290009,9290009,9290109,0,0,0,0,0,0,0,0,0,0,0,0,0,0,0,0,0,0
9290010,9290010,9290110,0,0,0,0,0,0,0,0,0,0,0,0,0,0,0,0,0,0
9290011,9290011,9290111,0,0,0,0,0,0,0,0,0,0,0,0,0,0,0,0,0,0
9290012,9290012,9290112,0,0,0,0,0,0,0,0,0,0,0,0,0,0,0,0,0,0
9290013,9290013,9290113,0,0,0,0,0,0,0,0,0,0,0,0,0,0,0,0,0,0
9290014,9290014,9290114,0,0,0,0,0,0,0,0,0,0,0,0,0,0,0,0,0,0
9290015,9290015,9290115,0,0,0,0,0,0,0,0,0,0,0,0,0,0,0,0,0,0
9290016,9290016,9290116,0,0,0,0,0,0,0,0,0,0,0,0,0,0,0,0,0,0
9290017,9290017,9290117,0,0,0,0,0,0,0,0,0,0,0,0,0,0,0,0,0,0
9290018,9290018,9290118,0,0,0,0,0,0,0,0,0,0,0,0,0,0,0,0,0,0
9290019,9290019,9290119,0,0,0,0,0,0,0,0,0,0,0,0,0,0,0,0,0,0
9290020,9290020,9290120,0,0,0,0,0,0,0,0,0,0,0,0,0,0,0,0,0,0
9290021,9290021,9290121,0,0,0,0,0,0,0,0,0,0,0,0,0,0,0,0,0,0
9300001,0,0,0,0,0,0,0,0,0,0,0,0,0,0,0,0,0,0,0,0
9300002,0,0,0,0,0,0,0,0,0,0,0,0,0,0,0,0,0,0,0,0
9310001,9310001,0,0,0,0,0,0,0,0,0,0,0,0,0,0,0,0,0,0,0
9310002,9310002,0,0,0,0,0,0,0,0,0,0,0,0,0,0,0,0,0,0,0
9310003,9310003,0,0,0,0,0,0,0,0,0,0,0,0,0,0,0,0,0,0,0
9310004,9310004,0,0,0,0,0,0,0,0,0,0,0,0,0,0,0,0,0,0,0
9320001,9320001,0,0,0,0,0,0,0,0,0,0,0,0,0,0,0,0,0,0,0
9320002,9320002,0,0,0,0,0,0,0,0,0,0,0,0,0,0,0,0,0,0,0
9320003,9320003,0,0,0,0,0,0,0,0,0,0,0,0,0,0,0,0,0,0,0
1000000,1000000,0,0,0,0,0,0,0,0,0,0,0,0,0,0,0,0,0,0,0
1000001,1000001,0,0,0,0,0,0,0,0,0,0,0,0,0,0,0,0,0,0,0
1000002,1000002,0,0,0,0,0,0,0,0,0,0,0,0,0,0,0,0,0,0,0
9000001,9000001,0,0,0,0,0,0,0,0,0,0,0,0,0,0,0,0,0,0,0
9000002,9000002,0,0,0,0,0,0,0,0,0,0,0,0,0,0,0,0,0,0,0
9000003,9000003,0,0,0,0,0,0,0,0,0,0,0,0,0,0,0,0,0,0,0
9000004,9000004,0,0,0,0,0,0,0,0,0,0,0,0,0,0,0,0,0,0,0
9000005,9000005,0,0,0,0,0,0,0,0,0,0,0,0,0,0,0,0,0,0,0
9000006,9000006,0,0,0,0,0,0,0,0,0,0,0,0,0,0,0,0,0,0,0
9000009,9000009,0,0,0,0,0,0,0,0,0,0,0,0,0,0,0,0,0,0,0
9000010,9000010,0,0,0,0,0,0,0,0,0,0,0,0,0,0,0,0,0,0,0
9100000,9100000,0,0,0,0,0,0,0,0,0,0,0,0,0,0,0,0,0,0,0
6000011,0,0,0,0,0,0,0,0,0,0,0,0,0,0,0,0,0,0,0,0
6000012,6000012,0,0,0,0,0,0,0,0,0,0,0,0,0,0,0,0,0,0,0
6000013,0,0,0,0,0,0,0,0,0,0,0,0,0,0,0,0,0,0,0,0
6000014,0,0,0,0,0,0,0,0,0,0,0,0,0,0,0,0,0,0,0,0
6000015,6000015,0,0,0,0,0,0,0,0,0,0,0,0,0,0,0,0,0,0,0
6000016,6000016,0,0,0,0,0,0,0,0,0,0,0,0,0,0,0,0,0,0,0
6000017,6000017,0,0,0,0,0,0,0,0,0,0,0,0,0,0,0,0,0,0,0
6000018,6000018,0,0,0,0,0,0,0,0,0,0,0,0,0,0,0,0,0,0,0
6000019,0,0,0,0,0,0,0,0,0,0,0,0,0,0,0,0,0,0,0,0
6000020,0,0,0,0,0,0,0,0,0,0,0,0,0,0,0,0,0,0,0,0
1,1,0,0,0,0,0,0,0,0,0,0,0,0,0,0,0,0,0,0,0
2,2,0,0,0,0,0,0,0,0,0,0,0,0,0,0,0,0,0,0,0
3,3,0,0,0,0,0,0,0,0,0,0,0,0,0,0,0,0,0,0,0
4,4,0,0,0,0,0,0,0,0,0,0,0,0,0,0,0,0,0,0,0
5,5,0,0,0,0,0,0,0,0,0,0,0,0,0,0,0,0,0,0,0
6,6,0,0,0,0,0,0,0,0,0,0,0,0,0,0,0,0,0,0,0
7,7,0,0,0,0,0,0,0,0,0,0,0,0,0,0,0,0,0,0,0
8,8,0,0,0,0,0,0,0,0,0,0,0,0,0,0,0,0,0,0,0
9,9,0,0,0,0,0,0,0,0,0,0,0,0,0,0,0,0,0,0,0
10,10,0,0,0,0,0,0,0,0,0,0,0,0,0,0,0,0,0,0,0
11,11,0,0,0,0,0,0,0,0,0,0,0,0,0,0,0,0,0,0,0
12,12,0,0,0,0,0,0,0,0,0,0,0,0,0,0,0,0,0,0,0
13,13,0,0,0,0,0,0,0,0,0,0,0,0,0,0,0,0,0,0,0
14,14,0,0,0,0,0,0,0,0,0,0,0,0,0,0,0,0,0,0,0
15,15,0,0,0,0,0,0,0,0,0,0,0,0,0,0,0,0,0,0,0
16,16,0,0,0,0,0,0,0,0,0,0,0,0,0,0,0,0,0,0,0
17,17,0,0,0,0,0,0,0,0,0,0,0,0,0,0,0,0,0,0,0
18,18,0,0,0,0,0,0,0,0,0,0,0,0,0,0,0,0,0,0,0
19,19,0,0,0,0,0,0,0,0,0,0,0,0,0,0,0,0,0,0,0
20,20,0,0,0,0,0,0,0,0,0,0,0,0,0,0,0,0,0,0,0
21,21,0,0,0,0,0,0,0,0,0,0,0,0,0,0,0,0,0,0,0
22,22,0,0,0,0,0,0,0,0,0,0,0,0,0,0,0,0,0,0,0
23,23,0,0,0,0,0,0,0,0,0,0,0,0,0,0,0,0,0,0,0
24,24,0,0,0,0,0,0,0,0,0,0,0,0,0,0,0,0,0,0,0
25,25,0,0,0,0,0,0,0,0,0,0,0,0,0,0,0,0,0,0,0
26,26,0,0,0,0,0,0,0,0,0,0,0,0,0,0,0,0,0,0,0
27,27,0,0,0,0,0,0,0,0,0,0,0,0,0,0,0,0,0,0,0
28,28,0,0,0,0,0,0,0,0,0,0,0,0,0,0,0,0,0,0,0
29,29,0,0,0,0,0,0,0,0,0,0,0,0,0,0,0,0,0,0,0
30,30,0,0,0,0,0,0,0,0,0,0,0,0,0,0,0,0,0,0,0
31,31,0,0,0,0,0,0,0,0,0,0,0,0,0,0,0,0,0,0,0
32,32,0,0,0,0,0,0,0,0,0,0,0,0,0,0,0,0,0,0,0
33,33,0,0,0,0,0,0,0,0,0,0,0,0,0,0,0,0,0,0,0
34,34,0,0,0,0,0,0,0,0,0,0,0,0,0,0,0,0,0,0,0
35,35,0,0,0,0,0,0,0,0,0,0,0,0,0,0,0,0,0,0,0
36,36,0,0,0,0,0,0,0,0,0,0,0,0,0,0,0,0,0,0,0
37,37,0,0,0,0,0,0,0,0,0,0,0,0,0,0,0,0,0,0,0
38,38,0,0,0,0,0,0,0,0,0,0,0,0,0,0,0,0,0,0,0
39,39,0,0,0,0,0,0,0,0,0,0,0,0,0,0,0,0,0,0,0
40,40,0,0,0,0,0,0,0,0,0,0,0,0,0,0,0,0,0,0,0
41,41,0,0,0,0,0,0,0,0,0,0,0,0,0,0,0,0,0,0,0
42,42,0,0,0,0,0,0,0,0,0,0,0,0,0,0,0,0,0,0,0
43,43,0,0,0,0,0,0,0,0,0,0,0,0,0,0,0,0,0,0,0
44,44,0,0,0,0,0,0,0,0,0,0,0,0,0,0,0,0,0,0,0
45,45,0,0,0,0,0,0,0,0,0,0,0,0,0,0,0,0,0,0,0
46,46,0,0,0,0,0,0,0,0,0,0,0,0,0,0,0,0,0,0,0
47,47,0,0,0,0,0,0,0,0,0,0,0,0,0,0,0,0,0,0,0
48,48,0,0,0,0,0,0,0,0,0,0,0,0,0,0,0,0,0,0,0
49,49,0,0,0,0,0,0,0,0,0,0,0,0,0,0,0,0,0,0,0
50,50,0,0,0,0,0,0,0,0,0,0,0,0,0,0,0,0,0,0,0
51,51,0,0,0,0,0,0,0,0,0,0,0,0,0,0,0,0,0,0,0
52,52,0,0,0,0,0,0,0,0,0,0,0,0,0,0,0,0,0,0,0
53,53,0,0,0,0,0,0,0,0,0,0,0,0,0,0,0,0,0,0,0
54,54,0,0,0,0,0,0,0,0,0,0,0,0,0,0,0,0,0,0,0
55,55,0,0,0,0,0,0,0,0,0,0,0,0,0,0,0,0,0,0,0
56,56,0,0,0,0,0,0,0,0,0,0,0,0,0,0,0,0,0,0,0
57,57,0,0,0,0,0,0,0,0,0,0,0,0,0,0,0,0,0,0,0
58,58,0,0,0,0,0,0,0,0,0,0,0,0,0,0,0,0,0,0,0
59,59,0,0,0,0,0,0,0,0,0,0,0,0,0,0,0,0,0,0,0
60,60,0,0,0,0,0,0,0,0,0,0,0,0,0,0,0,0,0,0,0
61,61,0,0,0,0,0,0,0,0,0,0,0,0,0,0,0,0,0,0,0
62,62,0,0,0,0,0,0,0,0,0,0,0,0,0,0,0,0,0,0,0
63,63,0,0,0,0,0,0,0,0,0,0,0,0,0,0,0,0,0,0,0
64,64,0,0,0,0,0,0,0,0,0,0,0,0,0,0,0,0,0,0,0
65,65,0,0,0,0,0,0,0,0,0,0,0,0,0,0,0,0,0,0,0
66,66,0,0,0,0,0,0,0,0,0,0,0,0,0,0,0,0,0,0,0
67,67,0,0,0,0,0,0,0,0,0,0,0,0,0,0,0,0,0,0,0
68,68,0,0,0,0,0,0,0,0,0,0,0,0,0,0,0,0,0,0,0
69,69,0,0,0,0,0,0,0,0,0,0,0,0,0,0,0,0,0,0,0
70,70,0,0,0,0,0,0,0,0,0,0,0,0,0,0,0,0,0,0,0
71,71,0,0,0,0,0,0,0,0,0,0,0,0,0,0,0,0,0,0,0
72,72,0,0,0,0,0,0,0,0,0,0,0,0,0,0,0,0,0,0,0
73,73,0,0,0,0,0,0,0,0,0,0,0,0,0,0,0,0,0,0,0
74,74,0,0,0,0,0,0,0,0,0,0,0,0,0,0,0,0,0,0,0
75,75,0,0,0,0,0,0,0,0,0,0,0,0,0,0,0,0,0,0,0
76,76,0,0,0,0,0,0,0,0,0,0,0,0,0,0,0,0,0,0,0
77,77,0,0,0,0,0,0,0,0,0,0,0,0,0,0,0,0,0,0,0
78,78,0,0,0,0,0,0,0,0,0,0,0,0,0,0,0,0,0,0,0
79,79,0,0,0,0,0,0,0,0,0,0,0,0,0,0,0,0,0,0,0
80,80,0,0,0,0,0,0,0,0,0,0,0,0,0,0,0,0,0,0,0
81,81,0,0,0,0,0,0,0,0,0,0,0,0,0,0,0,0,0,0,0
82,82,0,0,0,0,0,0,0,0,0,0,0,0,0,0,0,0,0,0,0
83,83,0,0,0,0,0,0,0,0,0,0,0,0,0,0,0,0,0,0,0
84,84,0,0,0,0,0,0,0,0,0,0,0,0,0,0,0,0,0,0,0
85,85,0,0,0,0,0,0,0,0,0,0,0,0,0,0,0,0,0,0,0
86,86,0,0,0,0,0,0,0,0,0,0,0,0,0,0,0,0,0,0,0
87,87,0,0,0,0,0,0,0,0,0,0,0,0,0,0,0,0,0,0,0
88,88,0,0,0,0,0,0,0,0,0,0,0,0,0,0,0,0,0,0,0
89,89,0,0,0,0,0,0,0,0,0,0,0,0,0,0,0,0,0,0,0
90,90,0,0,0,0,0,0,0,0,0,0,0,0,0,0,0,0,0,0,0
91,91,0,0,0,0,0,0,0,0,0,0,0,0,0,0,0,0,0,0,0
92,92,0,0,0,0,0,0,0,0,0,0,0,0,0,0,0,0,0,0,0
93,93,0,0,0,0,0,0,0,0,0,0,0,0,0,0,0,0,0,0,0
94,94,0,0,0,0,0,0,0,0,0,0,0,0,0,0,0,0,0,0,0
95,95,0,0,0,0,0,0,0,0,0,0,0,0,0,0,0,0,0,0,0
96,96,0,0,0,0,0,0,0,0,0,0,0,0,0,0,0,0,0,0,0
97,97,0,0,0,0,0,0,0,0,0,0,0,0,0,0,0,0,0,0,0
98,98,0,0,0,0,0,0,0,0,0,0,0,0,0,0,0,0,0,0,0
99,99,0,0,0,0,0,0,0,0,0,0,0,0,0,0,0,0,0,0,0
100,100,0,0,0,0,0,0,0,0,0,0,0,0,0,0,0,0,0,0,0
101,101,0,0,0,0,0,0,0,0,0,0,0,0,0,0,0,0,0,0,0
102,102,0,0,0,0,0,0,0,0,0,0,0,0,0,0,0,0,0,0,0
103,103,0,0,0,0,0,0,0,0,0,0,0,0,0,0,0,0,0,0,0
104,104,0,0,0,0,0,0,0,0,0,0,0,0,0,0,0,0,0,0,0
105,105,0,0,0,0,0,0,0,0,0,0,0,0,0,0,0,0,0,0,0
106,106,0,0,0,0,0,0,0,0,0,0,0,0,0,0,0,0,0,0,0
107,107,0,0,0,0,0,0,0,0,0,0,0,0,0,0,0,0,0,0,0
108,108,0,0,0,0,0,0,0,0,0,0,0,0,0,0,0,0,0,0,0
109,109,0,0,0,0,0,0,0,0,0,0,0,0,0,0,0,0,0,0,0
110,110,0,0,0,0,0,0,0,0,0,0,0,0,0,0,0,0,0,0,0
111,111,0,0,0,0,0,0,0,0,0,0,0,0,0,0,0,0,0,0,0
112,112,0,0,0,0,0,0,0,0,0,0,0,0,0,0,0,0,0,0,0
113,113,0,0,0,0,0,0,0,0,0,0,0,0,0,0,0,0,0,0,0
114,114,0,0,0,0,0,0,0,0,0,0,0,0,0,0,0,0,0,0,0
115,115,0,0,0,0,0,0,0,0,0,0,0,0,0,0,0,0,0,0,0
116,116,0,0,0,0,0,0,0,0,0,0,0,0,0,0,0,0,0,0,0
117,117,0,0,0,0,0,0,0,0,0,0,0,0,0,0,0,0,0,0,0
118,118,0,0,0,0,0,0,0,0,0,0,0,0,0,0,0,0,0,0,0
119,119,0,0,0,0,0,0,0,0,0,0,0,0,0,0,0,0,0,0,0
120,120,0,0,0,0,0,0,0,0,0,0,0,0,0,0,0,0,0,0,0
121,121,0,0,0,0,0,0,0,0,0,0,0,0,0,0,0,0,0,0,0
122,122,0,0,0,0,0,0,0,0,0,0,0,0,0,0,0,0,0,0,0
123,123,0,0,0,0,0,0,0,0,0,0,0,0,0,0,0,0,0,0,0
124,124,0,0,0,0,0,0,0,0,0,0,0,0,0,0,0,0,0,0,0
125,125,0,0,0,0,0,0,0,0,0,0,0,0,0,0,0,0,0,0,0
126,126,0,0,0,0,0,0,0,0,0,0,0,0,0,0,0,0,0,0,0
127,127,0,0,0,0,0,0,0,0,0,0,0,0,0,0,0,0,0,0,0
128,128,0,0,0,0,0,0,0,0,0,0,0,0,0,0,0,0,0,0,0
129,129,0,0,0,0,0,0,0,0,0,0,0,0,0,0,0,0,0,0,0
130,130,0,0,0,0,0,0,0,0,0,0,0,0,0,0,0,0,0,0,0
131,131,0,0,0,0,0,0,0,0,0,0,0,0,0,0,0,0,0,0,0
132,132,0,0,0,0,0,0,0,0,0,0,0,0,0,0,0,0,0,0,0
133,133,0,0,0,0,0,0,0,0,0,0,0,0,0,0,0,0,0,0,0
134,134,0,0,0,0,0,0,0,0,0,0,0,0,0,0,0,0,0,0,0
135,135,0,0,0,0,0,0,0,0,0,0,0,0,0,0,0,0,0,0,0
136,136,0,0,0,0,0,0,0,0,0,0,0,0,0,0,0,0,0,0,0
137,137,0,0,0,0,0,0,0,0,0,0,0,0,0,0,0,0,0,0,0
138,138,0,0,0,0,0,0,0,0,0,0,0,0,0,0,0,0,0,0,0
139,139,0,0,0,0,0,0,0,0,0,0,0,0,0,0,0,0,0,0,0
140,140,0,0,0,0,0,0,0,0,0,0,0,0,0,0,0,0,0,0,0
141,141,0,0,0,0,0,0,0,0,0,0,0,0,0,0,0,0,0,0,0
142,142,0,0,0,0,0,0,0,0,0,0,0,0,0,0,0,0,0,0,0
143,143,0,0,0,0,0,0,0,0,0,0,0,0,0,0,0,0,0,0,0
144,144,0,0,0,0,0,0,0,0,0,0,0,0,0,0,0,0,0,0,0
145,145,0,0,0,0,0,0,0,0,0,0,0,0,0,0,0,0,0,0,0
146,146,0,0,0,0,0,0,0,0,0,0,0,0,0,0,0,0,0,0,0
147,147,0,0,0,0,0,0,0,0,0,0,0,0,0,0,0,0,0,0,0
148,148,0,0,0,0,0,0,0,0,0,0,0,0,0,0,0,0,0,0,0
149,149,0,0,0,0,0,0,0,0,0,0,0,0,0,0,0,0,0,0,0
150,150,0,0,0,0,0,0,0,0,0,0,0,0,0,0,0,0,0,0,0
151,151,0,0,0,0,0,0,0,0,0,0,0,0,0,0,0,0,0,0,0
152,152,0,0,0,0,0,0,0,0,0,0,0,0,0,0,0,0,0,0,0
153,153,0,0,0,0,0,0,0,0,0,0,0,0,0,0,0,0,0,0,0
154,154,0,0,0,0,0,0,0,0,0,0,0,0,0,0,0,0,0,0,0
155,155,0,0,0,0,0,0,0,0,0,0,0,0,0,0,0,0,0,0,0
156,156,0,0,0,0,0,0,0,0,0,0,0,0,0,0,0,0,0,0,0
157,157,0,0,0,0,0,0,0,0,0,0,0,0,0,0,0,0,0,0,0
158,158,0,0,0,0,0,0,0,0,0,0,0,0,0,0,0,0,0,0,0
159,159,0,0,0,0,0,0,0,0,0,0,0,0,0,0,0,0,0,0,0
160,160,0,0,0,0,0,0,0,0,0,0,0,0,0,0,0,0,0,0,0
161,161,0,0,0,0,0,0,0,0,0,0,0,0,0,0,0,0,0,0,0
162,162,0,0,0,0,0,0,0,0,0,0,0,0,0,0,0,0,0,0,0
163,163,0,0,0,0,0,0,0,0,0,0,0,0,0,0,0,0,0,0,0
164,164,0,0,0,0,0,0,0,0,0,0,0,0,0,0,0,0,0,0,0
165,165,0,0,0,0,0,0,0,0,0,0,0,0,0,0,0,0,0,0,0
166,166,0,0,0,0,0,0,0,0,0,0,0,0,0,0,0,0,0,0,0
167,167,0,0,0,0,0,0,0,0,0,0,0,0,0,0,0,0,0,0,0
168,168,0,0,0,0,0,0,0,0,0,0,0,0,0,0,0,0,0,0,0
169,169,0,0,0,0,0,0,0,0,0,0,0,0,0,0,0,0,0,0,0
170,170,0,0,0,0,0,0,0,0,0,0,0,0,0,0,0,0,0,0,0
171,171,0,0,0,0,0,0,0,0,0,0,0,0,0,0,0,0,0,0,0
172,172,0,0,0,0,0,0,0,0,0,0,0,0,0,0,0,0,0,0,0
173,173,0,0,0,0,0,0,0,0,0,0,0,0,0,0,0,0,0,0,0
174,174,0,0,0,0,0,0,0,0,0,0,0,0,0,0,0,0,0,0,0
175,175,0,0,0,0,0,0,0,0,0,0,0,0,0,0,0,0,0,0,0
176,176,0,0,0,0,0,0,0,0,0,0,0,0,0,0,0,0,0,0,0
177,177,0,0,0,0,0,0,0,0,0,0,0,0,0,0,0,0,0,0,0
178,178,0,0,0,0,0,0,0,0,0,0,0,0,0,0,0,0,0,0,0
179,179,0,0,0,0,0,0,0,0,0,0,0,0,0,0,0,0,0,0,0
180,180,0,0,0,0,0,0,0,0,0,0,0,0,0,0,0,0,0,0,0
181,181,0,0,0,0,0,0,0,0,0,0,0,0,0,0,0,0,0,0,0
182,182,0,0,0,0,0,0,0,0,0,0,0,0,0,0,0,0,0,0,0
183,183,0,0,0,0,0,0,0,0,0,0,0,0,0,0,0,0,0,0,0
184,184,0,0,0,0,0,0,0,0,0,0,0,0,0,0,0,0,0,0,0
185,185,0,0,0,0,0,0,0,0,0,0,0,0,0,0,0,0,0,0,0
186,186,0,0,0,0,0,0,0,0,0,0,0,0,0,0,0,0,0,0,0
187,187,0,0,0,0,0,0,0,0,0,0,0,0,0,0,0,0,0,0,0
188,188,0,0,0,0,0,0,0,0,0,0,0,0,0,0,0,0,0,0,0
189,189,0,0,0,0,0,0,0,0,0,0,0,0,0,0,0,0,0,0,0
190,190,0,0,0,0,0,0,0,0,0,0,0,0,0,0,0,0,0,0,0
191,191,0,0,0,0,0,0,0,0,0,0,0,0,0,0,0,0,0,0,0
192,192,0,0,0,0,0,0,0,0,0,0,0,0,0,0,0,0,0,0,0
193,193,0,0,0,0,0,0,0,0,0,0,0,0,0,0,0,0,0,0,0
194,194,0,0,0,0,0,0,0,0,0,0,0,0,0,0,0,0,0,0,0
195,195,0,0,0,0,0,0,0,0,0,0,0,0,0,0,0,0,0,0,0
196,196,0,0,0,0,0,0,0,0,0,0,0,0,0,0,0,0,0,0,0
197,197,0,0,0,0,0,0,0,0,0,0,0,0,0,0,0,0,0,0,0
198,198,0,0,0,0,0,0,0,0,0,0,0,0,0,0,0,0,0,0,0
199,199,0,0,0,0,0,0,0,0,0,0,0,0,0,0,0,0,0,0,0
200,200,0,0,0,0,0,0,0,0,0,0,0,0,0,0,0,0,0,0,0
202,202,0,0,0,0,0,0,0,0,0,0,0,0,0,0,0,0,0,0,0
203,203,0,0,0,0,0,0,0,0,0,0,0,0,0,0,0,0,0,0,0
204,204,0,0,0,0,0,0,0,0,0,0,0,0,0,0,0,0,0,0,0
205,205,0,0,0,0,0,0,0,0,0,0,0,0,0,0,0,0,0,0,0
206,206,0,0,0,0,0,0,0,0,0,0,0,0,0,0,0,0,0,0,0
207,207,0,0,0,0,0,0,0,0,0,0,0,0,0,0,0,0,0,0,0
208,208,0,0,0,0,0,0,0,0,0,0,0,0,0,0,0,0,0,0,0
209,209,0,0,0,0,0,0,0,0,0,0,0,0,0,0,0,0,0,0,0
210,210,0,0,0,0,0,0,0,0,0,0,0,0,0,0,0,0,0,0,0
211,211,0,0,0,0,0,0,0,0,0,0,0,0,0,0,0,0,0,0,0
212,212,0,0,0,0,0,0,0,0,0,0,0,0,0,0,0,0,0,0,0
213,213,0,0,0,0,0,0,0,0,0,0,0,0,0,0,0,0,0,0,0
214,214,0,0,0,0,0,0,0,0,0,0,0,0,0,0,0,0,0,0,0
215,215,0,0,0,0,0,0,0,0,0,0,0,0,0,0,0,0,0,0,0
216,216,0,0,0,0,0,0,0,0,0,0,0,0,0,0,0,0,0,0,0
217,217,0,0,0,0,0,0,0,0,0,0,0,0,0,0,0,0,0,0,0
218,218,0,0,0,0,0,0,0,0,0,0,0,0,0,0,0,0,0,0,0
219,219,0,0,0,0,0,0,0,0,0,0,0,0,0,0,0,0,0,0,0
220,220,0,0,0,0,0,0,0,0,0,0,0,0,0,0,0,0,0,0,0
221,221,0,0,0,0,0,0,0,0,0,0,0,0,0,0,0,0,0,0,0
222,222,0,0,0,0,0,0,0,0,0,0,0,0,0,0,0,0,0,0,0
223,223,0,0,0,0,0,0,0,0,0,0,0,0,0,0,0,0,0,0,0
224,224,0,0,0,0,0,0,0,0,0,0,0,0,0,0,0,0,0,0,0
225,225,0,0,0,0,0,0,0,0,0,0,0,0,0,0,0,0,0,0,0
226,226,0,0,0,0,0,0,0,0,0,0,0,0,0,0,0,0,0,0,0
227,227,0,0,0,0,0,0,0,0,0,0,0,0,0,0,0,0,0,0,0
228,228,0,0,0,0,0,0,0,0,0,0,0,0,0,0,0,0,0,0,0
229,229,0,0,0,0,0,0,0,0,0,0,0,0,0,0,0,0,0,0,0
230,230,0,0,0,0,0,0,0,0,0,0,0,0,0,0,0,0,0,0,0
231,231,0,0,0,0,0,0,0,0,0,0,0,0,0,0,0,0,0,0,0
232,232,0,0,0,0,0,0,0,0,0,0,0,0,0,0,0,0,0,0,0
233,233,0,0,0,0,0,0,0,0,0,0,0,0,0,0,0,0,0,0,0
234,234,0,0,0,0,0,0,0,0,0,0,0,0,0,0,0,0,0,0,0
235,235,0,0,0,0,0,0,0,0,0,0,0,0,0,0,0,0,0,0,0
236,236,0,0,0,0,0,0,0,0,0,0,0,0,0,0,0,0,0,0,0
237,237,0,0,0,0,0,0,0,0,0,0,0,0,0,0,0,0,0,0,0
238,238,0,0,0,0,0,0,0,0,0,0,0,0,0,0,0,0,0,0,0
239,239,0,0,0,0,0,0,0,0,0,0,0,0,0,0,0,0,0,0,0
240,240,0,0,0,0,0,0,0,0,0,0,0,0,0,0,0,0,0,0,0
241,241,0,0,0,0,0,0,0,0,0,0,0,0,0,0,0,0,0,0,0
242,242,0,0,0,0,0,0,0,0,0,0,0,0,0,0,0,0,0,0,0
243,243,0,0,0,0,0,0,0,0,0,0,0,0,0,0,0,0,0,0,0
244,244,0,0,0,0,0,0,0,0,0,0,0,0,0,0,0,0,0,0,0
245,245,0,0,0,0,0,0,0,0,0,0,0,0,0,0,0,0,0,0,0
246,246,0,0,0,0,0,0,0,0,0,0,0,0,0,0,0,0,0,0,0
247,247,0,0,0,0,0,0,0,0,0,0,0,0,0,0,0,0,0,0,0
248,248,0,0,0,0,0,0,0,0,0,0,0,0,0,0,0,0,0,0,0
249,249,0,0,0,0,0,0,0,0,0,0,0,0,0,0,0,0,0,0,0
250,250,0,0,0,0,0,0,0,0,0,0,0,0,0,0,0,0,0,0,0
251,251,0,0,0,0,0,0,0,0,0,0,0,0,0,0,0,0,0,0,0
252,252,0,0,0,0,0,0,0,0,0,0,0,0,0,0,0,0,0,0,0
253,253,0,0,0,0,0,0,0,0,0,0,0,0,0,0,0,0,0,0,0
254,254,0,0,0,0,0,0,0,0,0,0,0,0,0,0,0,0,0,0,0
255,255,0,0,0,0,0,0,0,0,0,0,0,0,0,0,0,0,0,0,0
256,256,0,0,0,0,0,0,0,0,0,0,0,0,0,0,0,0,0,0,0
257,257,0,0,0,0,0,0,0,0,0,0,0,0,0,0,0,0,0,0,0
258,258,0,0,0,0,0,0,0,0,0,0,0,0,0,0,0,0,0,0,0
259,259,0,0,0,0,0,0,0,0,0,0,0,0,0,0,0,0,0,0,0
260,260,0,0,0,0,0,0,0,0,0,0,0,0,0,0,0,0,0,0,0
261,261,0,0,0,0,0,0,0,0,0,0,0,0,0,0,0,0,0,0,0
262,262,0,0,0,0,0,0,0,0,0,0,0,0,0,0,0,0,0,0,0
263,263,0,0,0,0,0,0,0,0,0,0,0,0,0,0,0,0,0,0,0
264,264,0,0,0,0,0,0,0,0,0,0,0,0,0,0,0,0,0,0,0
265,265,0,0,0,0,0,0,0,0,0,0,0,0,0,0,0,0,0,0,0
266,266,0,0,0,0,0,0,0,0,0,0,0,0,0,0,0,0,0,0,0
267,267,0,0,0,0,0,0,0,0,0,0,0,0,0,0,0,0,0,0,0
268,268,0,0,0,0,0,0,0,0,0,0,0,0,0,0,0,0,0,0,0
269,269,0,0,0,0,0,0,0,0,0,0,0,0,0,0,0,0,0,0,0
270,270,0,0,0,0,0,0,0,0,0,0,0,0,0,0,0,0,0,0,0
271,271,0,0,0,0,0,0,0,0,0,0,0,0,0,0,0,0,0,0,0
272,272,0,0,0,0,0,0,0,0,0,0,0,0,0,0,0,0,0,0,0
273,273,0,0,0,0,0,0,0,0,0,0,0,0,0,0,0,0,0,0,0
274,274,0,0,0,0,0,0,0,0,0,0,0,0,0,0,0,0,0,0,0
275,275,0,0,0,0,0,0,0,0,0,0,0,0,0,0,0,0,0,0,0
276,276,0,0,0,0,0,0,0,0,0,0,0,0,0,0,0,0,0,0,0
277,277,0,0,0,0,0,0,0,0,0,0,0,0,0,0,0,0,0,0,0
278,278,0,0,0,0,0,0,0,0,0,0,0,0,0,0,0,0,0,0,0
279,279,0,0,0,0,0,0,0,0,0,0,0,0,0,0,0,0,0,0,0
280,280,0,0,0,0,0,0,0,0,0,0,0,0,0,0,0,0,0,0,0
281,281,0,0,0,0,0,0,0,0,0,0,0,0,0,0,0,0,0,0,0
282,282,0,0,0,0,0,0,0,0,0,0,0,0,0,0,0,0,0,0,0
283,283,0,0,0,0,0,0,0,0,0,0,0,0,0,0,0,0,0,0,0
284,284,0,0,0,0,0,0,0,0,0,0,0,0,0,0,0,0,0,0,0
285,285,0,0,0,0,0,0,0,0,0,0,0,0,0,0,0,0,0,0,0
286,286,0,0,0,0,0,0,0,0,0,0,0,0,0,0,0,0,0,0,0
287,287,0,0,0,0,0,0,0,0,0,0,0,0,0,0,0,0,0,0,0
288,288,0,0,0,0,0,0,0,0,0,0,0,0,0,0,0,0,0,0,0
289,289,0,0,0,0,0,0,0,0,0,0,0,0,0,0,0,0,0,0,0
290,290,0,0,0,0,0,0,0,0,0,0,0,0,0,0,0,0,0,0,0
291,291,0,0,0,0,0,0,0,0,0,0,0,0,0,0,0,0,0,0,0
292,292,0,0,0,0,0,0,0,0,0,0,0,0,0,0,0,0,0,0,0
293,293,0,0,0,0,0,0,0,0,0,0,0,0,0,0,0,0,0,0,0
294,294,0,0,0,0,0,0,0,0,0,0,0,0,0,0,0,0,0,0,0
295,295,0,0,0,0,0,0,0,0,0,0,0,0,0,0,0,0,0,0,0
296,296,0,0,0,0,0,0,0,0,0,0,0,0,0,0,0,0,0,0,0
297,297,0,0,0,0,0,0,0,0,0,0,0,0,0,0,0,0,0,0,0
298,298,0,0,0,0,0,0,0,0,0,0,0,0,0,0,0,0,0,0,0
299,299,0,0,0,0,0,0,0,0,0,0,0,0,0,0,0,0,0,0,0
300,300,0,0,0,0,0,0,0,0,0,0,0,0,0,0,0,0,0,0,0
301,301,0,0,0,0,0,0,0,0,0,0,0,0,0,0,0,0,0,0,0
302,302,0,0,0,0,0,0,0,0,0,0,0,0,0,0,0,0,0,0,0
303,303,0,0,0,0,0,0,0,0,0,0,0,0,0,0,0,0,0,0,0
304,304,0,0,0,0,0,0,0,0,0,0,0,0,0,0,0,0,0,0,0
305,305,0,0,0,0,0,0,0,0,0,0,0,0,0,0,0,0,0,0,0
306,306,0,0,0,0,0,0,0,0,0,0,0,0,0,0,0,0,0,0,0
307,307,0,0,0,0,0,0,0,0,0,0,0,0,0,0,0,0,0,0,0
308,308,0,0,0,0,0,0,0,0,0,0,0,0,0,0,0,0,0,0,0
309,309,0,0,0,0,0,0,0,0,0,0,0,0,0,0,0,0,0,0,0
310,310,0,0,0,0,0,0,0,0,0,0,0,0,0,0,0,0,0,0,0
311,311,0,0,0,0,0,0,0,0,0,0,0,0,0,0,0,0,0,0,0
312,312,0,0,0,0,0,0,0,0,0,0,0,0,0,0,0,0,0,0,0
313,313,0,0,0,0,0,0,0,0,0,0,0,0,0,0,0,0,0,0,0
314,314,0,0,0,0,0,0,0,0,0,0,0,0,0,0,0,0,0,0,0
315,315,0,0,0,0,0,0,0,0,0,0,0,0,0,0,0,0,0,0,0
316,316,0,0,0,0,0,0,0,0,0,0,0,0,0,0,0,0,0,0,0
317,317,0,0,0,0,0,0,0,0,0,0,0,0,0,0,0,0,0,0,0
318,318,0,0,0,0,0,0,0,0,0,0,0,0,0,0,0,0,0,0,0
319,319,0,0,0,0,0,0,0,0,0,0,0,0,0,0,0,0,0,0,0
320,320,0,0,0,0,0,0,0,0,0,0,0,0,0,0,0,0,0,0,0
321,321,0,0,0,0,0,0,0,0,0,0,0,0,0,0,0,0,0,0,0
322,322,0,0,0,0,0,0,0,0,0,0,0,0,0,0,0,0,0,0,0
323,323,0,0,0,0,0,0,0,0,0,0,0,0,0,0,0,0,0,0,0
324,324,0,0,0,0,0,0,0,0,0,0,0,0,0,0,0,0,0,0,0
325,325,0,0,0,0,0,0,0,0,0,0,0,0,0,0,0,0,0,0,0
326,326,0,0,0,0,0,0,0,0,0,0,0,0,0,0,0,0,0,0,0
327,327,0,0,0,0,0,0,0,0,0,0,0,0,0,0,0,0,0,0,0
328,328,0,0,0,0,0,0,0,0,0,0,0,0,0,0,0,0,0,0,0
329,329,0,0,0,0,0,0,0,0,0,0,0,0,0,0,0,0,0,0,0
330,330,0,0,0,0,0,0,0,0,0,0,0,0,0,0,0,0,0,0,0
331,331,0,0,0,0,0,0,0,0,0,0,0,0,0,0,0,0,0,0,0
332,332,0,0,0,0,0,0,0,0,0,0,0,0,0,0,0,0,0,0,0
333,333,0,0,0,0,0,0,0,0,0,0,0,0,0,0,0,0,0,0,0
334,334,0,0,0,0,0,0,0,0,0,0,0,0,0,0,0,0,0,0,0
335,335,0,0,0,0,0,0,0,0,0,0,0,0,0,0,0,0,0,0,0
336,336,0,0,0,0,0,0,0,0,0,0,0,0,0,0,0,0,0,0,0
337,337,0,0,0,0,0,0,0,0,0,0,0,0,0,0,0,0,0,0,0
338,338,0,0,0,0,0,0,0,0,0,0,0,0,0,0,0,0,0,0,0
339,339,0,0,0,0,0,0,0,0,0,0,0,0,0,0,0,0,0,0,0
340,340,0,0,0,0,0,0,0,0,0,0,0,0,0,0,0,0,0,0,0
341,341,0,0,0,0,0,0,0,0,0,0,0,0,0,0,0,0,0,0,0
342,342,0,0,0,0,0,0,0,0,0,0,0,0,0,0,0,0,0,0,0
343,343,0,0,0,0,0,0,0,0,0,0,0,0,0,0,0,0,0,0,0
344,344,0,0,0,0,0,0,0,0,0,0,0,0,0,0,0,0,0,0,0
345,345,0,0,0,0,0,0,0,0,0,0,0,0,0,0,0,0,0,0,0
346,346,0,0,0,0,0,0,0,0,0,0,0,0,0,0,0,0,0,0,0
347,347,0,0,0,0,0,0,0,0,0,0,0,0,0,0,0,0,0,0,0
348,348,0,0,0,0,0,0,0,0,0,0,0,0,0,0,0,0,0,0,0
349,349,0,0,0,0,0,0,0,0,0,0,0,0,0,0,0,0,0,0,0
350,350,0,0,0,0,0,0,0,0,0,0,0,0,0,0,0,0,0,0,0
351,351,0,0,0,0,0,0,0,0,0,0,0,0,0,0,0,0,0,0,0
352,352,0,0,0,0,0,0,0,0,0,0,0,0,0,0,0,0,0,0,0
353,353,0,0,0,0,0,0,0,0,0,0,0,0,0,0,0,0,0,0,0
354,354,0,0,0,0,0,0,0,0,0,0,0,0,0,0,0,0,0,0,0
355,355,0,0,0,0,0,0,0,0,0,0,0,0,0,0,0,0,0,0,0
356,356,0,0,0,0,0,0,0,0,0,0,0,0,0,0,0,0,0,0,0
7200001,0,0,0,0,0,0,0,0,0,0,0,0,0,0,0,0,0,0,0,0
10000001,0,0,0,0,0,0,0,0,0,0,0,0,0,0,0,0,0,0,0,0
10000004,10000004,0,0,0,0,0,0,0,0,0,0,0,0,0,0,0,0,0,0,0
10000005,0,0,0,0,0,0,0,0,0,0,0,0,0,0,0,0,0,0,0,0
10000006,10000006,0,0,0,0,0,0,0,0,0,0,0,0,0,0,0,0,0,0,0
10000007,10000007,0,0,0,0,0,0,0,0,0,0,0,0,0,0,0,0,0,0,0
10000008,0,0,0,0,0,0,0,0,0,0,0,0,0,0,0,0,0,0,0,0
10000009,0,0,0,0,0,0,0,0,0,0,0,0,0,0,0,0,0,0,0,0
10000010,10000010,0,0,0,0,0,0,0,0,0,0,0,0,0,0,0,0,0,0,0
10000011,10000011,0,0,0,0,0,0,0,0,0,0,0,0,0,0,0,0,0,0,0
10000012,10000012,0,0,0,0,0,0,0,0,0,0,0,0,0,0,0,0,0,0,0
10000013,10000013,0,0,0,0,0,0,0,0,0,0,0,0,0,0,0,0,0,0,0
10000014,10000014,0,0,0,0,0,0,0,0,0,0,0,0,0,0,0,0,0,0,0
10000015,10000015,0,0,0,0,0,0,0,0,0,0,0,0,0,0,0,0,0,0,0
10000016,0,0,0,0,0,0,0,0,0,0,0,0,0,0,0,0,0,0,0,0
10000017,0,0,0,0,0,0,0,0,0,0,0,0,0,0,0,0,0,0,0,0
10000018,10000018,0,0,0,0,0,0,0,0,0,0,0,0,0,0,0,0,0,0,0
10000020,10000020,0,0,0,0,0,0,0,0,0,0,0,0,0,0,0,0,0,0,0
10000021,0,0,0,0,0,0,0,0,0,0,0,0,0,0,0,0,0,0,0,0
10000022,0,0,0,0,0,0,0,0,0,0,0,0,0,0,0,0,0,0,0,0
10000023,10000023,0,0,0,0,0,0,0,0,0,0,0,0,0,0,0,0,0,0,0
10000024,10000024,0,0,0,0,0,0,0,0,0,0,0,0,0,0,0,0,0,0,0
10000025,0,0,0,0,0,0,0,0,0,0,0,0,0,0,0,0,0,0,0,0
10010002,10010002,0,0,0,0,0,0,0,0,0,0,0,0,0,0,0,0,0,0,0
10020002,10020002,0,0,0,0,0,0,0,0,0,0,0,0,0,0,0,0,0,0,0
10030002,10030002,0,0,0,0,0,0,0,0,0,0,0,0,0,0,0,0,0,0,0
10040002,10040002,0,0,0,0,0,0,0,0,0,0,0,0,0,0,0,0,0,0,0
10000027,10000027,0,0,0,0,0,0,0,0,0,0,0,0,0,0,0,0,0,0,0
10000028,0,0,0,0,0,0,0,0,0,0,0,0,0,0,0,0,0,0,0,0
10000029,10000029,0,0,0,0,0,0,0,0,0,0,0,0,0,0,0,0,0,0,0
10000030,10000030,0,0,0,0,0,0,0,0,0,0,0,0,0,0,0,0,0,0,0
10000031,10000031,0,0,0,0,0,0,0,0,0,0,0,0,0,0,0,0,0,0,0
10000032,10000032,0,0,0,0,0,0,0,0,0,0,0,0,0,0,0,0,0,0,0
10000033,0,0,0,0,0,0,0,0,0,0,0,0,0,0,0,0,0,0,0,0
10000034,0,0,0,0,0,0,0,0,0,0,0,0,0,0,0,0,0,0,0,0
10000035,0,0,0,0,0,0,0,0,0,0,0,0,0,0,0,0,0,0,0,0
10000036,0,0,0,0,0,0,0,0,0,0,0,0,0,0,0,0,0,0,0,0
10000037,0,0,0,0,0,0,0,0,0,0,0,0,0,0,0,0,0,0,0,0
10000038,0,0,0,0,0,0,0,0,0,0,0,0,0,0,0,0,0,0,0,0
10000039,0,0,0,0,0,0,0,0,0,0,0,0,0,0,0,0,0,0,0,0
10000040,0,0,0,0,0,0,0,0,0,0,0,0,0,0,0,0,0,0,0,0
10000041,10000041,0,0,0,0,0,0,0,0,0,0,0,0,0,0,0,0,0,0,0
10000042,0,0,0,0,0,0,0,0,0,0,0,0,0,0,0,0,0,0,0,0
10000043,0,0,0,0,0,0,0,0,0,0,0,0,0,0,0,0,0,0,0,0
10000044,0,0,0,0,0,0,0,0,0,0,0,0,0,0,0,0,0,0,0,0
10000045,0,0,0,0,0,0,0,0,0,0,0,0,0,0,0,0,0,0,0,0
10000046,10000046,0,0,0,0,0,0,0,0,0,0,0,0,0,0,0,0,0,0,0
10000047,0,0,0,0,0,0,0,0,0,0,0,0,0,0,0,0,0,0,0,0
10000048,0,0,0,0,0,0,0,0,0,0,0,0,0,0,0,0,0,0,0,0
10000049,0,0,0,0,0,0,0,0,0,0,0,0,0,0,0,0,0,0,0,0
10000050,0,0,0,0,0,0,0,0,0,0,0,0,0,0,0,0,0,0,0,0
10000051,10000051,0,0,0,0,0,0,0,0,0,0,0,0,0,0,0,0,0,0,0
10000052,0,0,0,0,0,0,0,0,0,0,0,0,0,0,0,0,0,0,0,0
10000053,0,0,0,0,0,0,0,0,0,0,0,0,0,0,0,0,0,0,0,0
10000054,10000054,0,0,0,0,0,0,0,0,0,0,0,0,0,0,0,0,0,0,0
10000055,0,0,0,0,0,0,0,0,0,0,0,0,0,0,0,0,0,0,0,0
10000056,0,0,0,0,0,0,0,0,0,0,0,0,0,0,0,0,0,0,0,0
10000057,10000057,10000058,10000059,0,0,0,0,0,0,0,0,0,0,0,0,0,0,0,0,0
10000060,10000060,0,0,0,0,0,0,0,0,0,0,0,0,0,0,0,0,0,0,0
10000061,0,0,0,0,0,0,0,0,0,0,0,0,0,0,0,0,0,0,0,0
7020140,0,0,0,0,0,0,0,0,0,0,0,0,0,0,0,0,0,0,0,0
10000062,0,0,0,0,0,0,0,0,0,0,0,0,0,0,0,0,0,0,0,0
10000063,0,0,0,0,0,0,0,0,0,0,0,0,0,0,0,0,0,0,0,0
366,366,0,0,0,0,0,0,0,0,0,0,0,0,0,0,0,0,0,0,0
367,367,0,0,0,0,0,0,0,0,0,0,0,0,0,0,0,0,0,0,0
368,368,0,0,0,0,0,0,0,0,0,0,0,0,0,0,0,0,0,0,0
357,357,0,0,0,0,0,0,0,0,0,0,0,0,0,0,0,0,0,0,0
358,358,0,0,0,0,0,0,0,0,0,0,0,0,0,0,0,0,0,0,0
359,359,0,0,0,0,0,0,0,0,0,0,0,0,0,0,0,0,0,0,0
360,360,0,0,0,0,0,0,0,0,0,0,0,0,0,0,0,0,0,0,0
361,361,0,0,0,0,0,0,0,0,0,0,0,0,0,0,0,0,0,0,0
362,362,0,0,0,0,0,0,0,0,0,0,0,0,0,0,0,0,0,0,0
363,363,0,0,0,0,0,0,0,0,0,0,0,0,0,0,0,0,0,0,0
364,364,0,0,0,0,0,0,0,0,0,0,0,0,0,0,0,0,0,0,0
365,365,0,0,0,0,0,0,0,0,0,0,0,0,0,0,0,0,0,0,0
7060001,7060001,0,0,0,0,0,0,0,0,0,0,0,0,0,0,0,0,0,0,0
7060002,7060002,0,0,0,0,0,0,0,0,0,0,0,0,0,0,0,0,0,0,0
7060003,7060003,0,0,0,0,0,0,0,0,0,0,0,0,0,0,0,0,0,0,0
7060004,7060004,0,0,0,0,0,0,0,0,0,0,0,0,0,0,0,0,0,0,0
7060005,7060005,0,0,0,0,0,0,0,0,0,0,0,0,0,0,0,0,0,0,0
70008,70008,70009,70010,0,0,0,0,0,0,0,0,0,0,0,0,0,0,0,0,0
70011,70011,0,0,0,0,0,0,0,0,0,0,0,0,0,0,0,0,0,0,0
70012,70012,0,0,0,0,0,0,0,0,0,0,0,0,0,0,0,0,0,0,0
4070101,0,0,0,0,0,0,0,0,0,0,0,0,0,0,0,0,0,0,0,0
4070111,0,0,0,0,0,0,0,0,0,0,0,0,0,0,0,0,0,0,0,0
4070121,0,0,0,0,0,0,0,0,0,0,0,0,0,0,0,0,0,0,0,0
10000064,0,0,0,0,0,0,0,0,0,0,0,0,0,0,0,0,0,0,0,0
369,369,0,0,0,0,0,0,0,0,0,0,0,0,0,0,0,0,0,0,0
370,370,0,0,0,0,0,0,0,0,0,0,0,0,0,0,0,0,0,0,0
371,371,0,0,0,0,0,0,0,0,0,0,0,0,0,0,0,0,0,0,0
7070001,0,0,0,0,0,0,0,0,0,0,0,0,0,0,0,0,0,0,0,0
10000065,0,0,0,0,0,0,0,0,0,0,0,0,0,0,0,0,0,0,0,0
372,372,0,0,0,0,0,0,0,0,0,0,0,0,0,0,0,0,0,0,0
373,373,0,0,0,0,0,0,0,0,0,0,0,0,0,0,0,0,0,0,0
374,374,0,0,0,0,0,0,0,0,0,0,0,0,0,0,0,0,0,0,0
375,375,0,0,0,0,0,0,0,0,0,0,0,0,0,0,0,0,0,0,0
376,376,0,0,0,0,0,0,0,0,0,0,0,0,0,0,0,0,0,0,0
377,377,0,0,0,0,0,0,0,0,0,0,0,0,0,0,0,0,0,0,0
7000162,7000162,0,0,0,0,0,0,0,0,0,0,0,0,0,0,0,0,0,0,0
7000163,7000163,0,0,0,0,0,0,0,0,0,0,0,0,0,0,0,0,0,0,0
7000164,7000164,0,0,0,0,0,0,0,0,0,0,0,0,0,0,0,0,0,0,0
7000165,7000165,0,0,0,0,0,0,0,0,0,0,0,0,0,0,0,0,0,0,0
7000166,7000166,0,0,0,0,0,0,0,0,0,0,0,0,0,0,0,0,0,0,0
7000167,7000167,0,0,0,0,0,0,0,0,0,0,0,0,0,0,0,0,0,0,0
8000014,8000014,0,0,0,0,0,0,0,0,0,0,0,0,0,0,0,0,0,0,0
8000015,8000015,0,0,0,0,0,0,0,0,0,0,0,0,0,0,0,0,0,0,0
8000016,8000016,0,0,0,0,0,0,0,0,0,0,0,0,0,0,0,0,0,0,0
8000017,8000017,0,0,0,0,0,0,0,0,0,0,0,0,0,0,0,0,0,0,0
8000018,8000018,0,0,0,0,0,0,0,0,0,0,0,0,0,0,0,0,0,0,0
8000019,8000019,0,0,0,0,0,0,0,0,0,0,0,0,0,0,0,0,0,0,0
4000001,4000001,0,0,0,0,0,0,0,0,0,0,0,0,0,0,0,0,0,0,0
4000002,4000002,0,0,0,0,0,0,0,0,0,0,0,0,0,0,0,0,0,0,0
4000003,4000003,0,0,0,0,0,0,0,0,0,0,0,0,0,0,0,0,0,0,0
4000004,4000004,0,0,0,0,0,0,0,0,0,0,0,0,0,0,0,0,0,0,0
7000169,0,0,0,0,0,0,0,0,0,0,0,0,0,0,0,0,0,0,0,0
10000066,10000066,0,0,0,0,0,0,0,0,0,0,0,0,0,0,0,0,0,0,0
4000006,0,0,0,0,0,0,0,0,0,0,0,0,0,0,0,0,0,0,0,0
378,378,0,0,0,0,0,0,0,0,0,0,0,0,0,0,0,0,0,0,0
379,379,0,0,0,0,0,0,0,0,0,0,0,0,0,0,0,0,0,0,0
380,380,0,0,0,0,0,0,0,0,0,0,0,0,0,0,0,0,0,0,0
381,381,0,0,0,0,0,0,0,0,0,0,0,0,0,0,0,0,0,0,0
10000067,0,0,0,0,0,0,0,0,0,0,0,0,0,0,0,0,0,0,0,0
10000068,0,0,0,0,0,0,0,0,0,0,0,0,0,0,0,0,0,0,0,0
382,382,0,0,0,0,0,0,0,0,0,0,0,0,0,0,0,0,0,0,0
383,383,0,0,0,0,0,0,0,0,0,0,0,0,0,0,0,0,0,0,0
384,384,0,0,0,0,0,0,0,0,0,0,0,0,0,0,0,0,0,0,0
385,385,0,0,0,0,0,0,0,0,0,0,0,0,0,0,0,0,0,0,0
386,386,0,0,0,0,0,0,0,0,0,0,0,0,0,0,0,0,0,0,0
387,387,0,0,0,0,0,0,0,0,0,0,0,0,0,0,0,0,0,0,0
388,388,0,0,0,0,0,0,0,0,0,0,0,0,0,0,0,0,0,0,0
389,389,0,0,0,0,0,0,0,0,0,0,0,0,0,0,0,0,0,0,0
390,390,0,0,0,0,0,0,0,0,0,0,0,0,0,0,0,0,0,0,0
391,391,0,0,0,0,0,0,0,0,0,0,0,0,0,0,0,0,0,0,0
392,392,0,0,0,0,0,0,0,0,0,0,0,0,0,0,0,0,0,0,0
393,393,0,0,0,0,0,0,0,0,0,0,0,0,0,0,0,0,0,0,0
394,394,0,0,0,0,0,0,0,0,0,0,0,0,0,0,0,0,0,0,0
395,395,0,0,0,0,0,0,0,0,0,0,0,0,0,0,0,0,0,0,0
396,396,0,0,0,0,0,0,0,0,0,0,0,0,0,0,0,0,0,0,0
410,410,0,0,0,0,0,0,0,0,0,0,0,0,0,0,0,0,0,0,0
399,399,0,0,0,0,0,0,0,0,0,0,0,0,0,0,0,0,0,0,0
400,0,0,0,0,0,0,0,0,0,0,0,0,0,0,0,0,0,0,0,0
401,401,0,0,0,0,0,0,0,0,0,0,0,0,0,0,0,0,0,0,0
402,0,0,0,0,0,0,0,0,0,0,0,0,0,0,0,0,0,0,0,0
4000,403,404,405,406,407,408,403,404,405,406,407,408,415,454,455,456,0,0,0,0
4001,409,0,0,0,0,0,0,0,0,0,0,0,0,0,0,0,0,0,0,0
411,411,0,0,0,0,0,0,0,0,0,0,0,0,0,0,0,0,0,0,0
412,412,0,0,0,0,0,0,0,0,0,0,0,0,0,0,0,0,0,0,0
413,413,0,0,0,0,0,0,0,0,0,0,0,0,0,0,0,0,0,0,0
414,414,0,0,0,0,0,0,0,0,0,0,0,0,0,0,0,0,0,0,0
10000069,0,0,0,0,0,0,0,0,0,0,0,0,0,0,0,0,0,0,0,0
10000070,0,0,0,0,0,0,0,0,0,0,0,0,0,0,0,0,0,0,0,0
10000071,0,0,0,0,0,0,0,0,0,0,0,0,0,0,0,0,0,0,0,0
10000072,0,0,0,0,0,0,0,0,0,0,0,0,0,0,0,0,0,0,0,0
415,415,0,0,0,0,0,0,0,0,0,0,0,0,0,0,0,0,0,0,0
10000073,0,0,0,0,0,0,0,0,0,0,0,0,0,0,0,0,0,0,0,0
10000074,0,0,0,0,0,0,0,0,0,0,0,0,0,0,0,0,0,0,0,0
416,416,0,0,0,0,0,0,0,0,0,0,0,0,0,0,0,0,0,0,0
417,417,0,0,0,0,0,0,0,0,0,0,0,0,0,0,0,0,0,0,0
418,418,0,0,0,0,0,0,0,0,0,0,0,0,0,0,0,0,0,0,0
419,419,0,0,0,0,0,0,0,0,0,0,0,0,0,0,0,0,0,0,0
420,420,0,0,0,0,0,0,0,0,0,0,0,0,0,0,0,0,0,0,0
421,421,0,0,0,0,0,0,0,0,0,0,0,0,0,0,0,0,0,0,0
10000076,0,0,0,0,0,0,0,0,0,0,0,0,0,0,0,0,0,0,0,0
422,422,0,0,0,0,0,0,0,0,0,0,0,0,0,0,0,0,0,0,0
423,423,0,0,0,0,0,0,0,0,0,0,0,0,0,0,0,0,0,0,0
424,424,0,0,0,0,0,0,0,0,0,0,0,0,0,0,0,0,0,0,0
425,425,0,0,0,0,0,0,0,0,0,0,0,0,0,0,0,0,0,0,0
426,426,0,0,0,0,0,0,0,0,0,0,0,0,0,0,0,0,0,0,0
427,427,0,0,0,0,0,0,0,0,0,0,0,0,0,0,0,0,0,0,0
428,428,0,0,0,0,0,0,0,0,0,0,0,0,0,0,0,0,0,0,0
429,429,0,0,0,0,0,0,0,0,0,0,0,0,0,0,0,0,0,0,0
430,430,0,0,0,0,0,0,0,0,0,0,0,0,0,0,0,0,0,0,0
431,431,0,0,0,0,0,0,0,0,0,0,0,0,0,0,0,0,0,0,0
432,432,0,0,0,0,0,0,0,0,0,0,0,0,0,0,0,0,0,0,0
433,433,0,0,0,0,0,0,0,0,0,0,0,0,0,0,0,0,0,0,0
434,434,0,0,0,0,0,0,0,0,0,0,0,0,0,0,0,0,0,0,0
435,0,0,0,0,0,0,0,0,0,0,0,0,0,0,0,0,0,0,0,0
436,436,0,0,0,0,0,0,0,0,0,0,0,0,0,0,0,0,0,0,0
437,437,0,0,0,0,0,0,0,0,0,0,0,0,0,0,0,0,0,0,0
438,438,0,0,0,0,0,0,0,0,0,0,0,0,0,0,0,0,0,0,0
439,439,0,0,0,0,0,0,0,0,0,0,0,0,0,0,0,0,0,0,0
440,440,0,0,0,0,0,0,0,0,0,0,0,0,0,0,0,0,0,0,0
441,441,0,0,0,0,0,0,0,0,0,0,0,0,0,0,0,0,0,0,0
442,442,0,0,0,0,0,0,0,0,0,0,0,0,0,0,0,0,0,0,0
443,443,0,0,0,0,0,0,0,0,0,0,0,0,0,0,0,0,0,0,0
444,444,0,0,0,0,0,0,0,0,0,0,0,0,0,0,0,0,0,0,0
446,446,0,0,0,0,0,0,0,0,0,0,0,0,0,0,0,0,0,0,0
447,447,0,0,0,0,0,0,0,0,0,0,0,0,0,0,0,0,0,0,0
10000077,10000077,0,0,0,0,0,0,0,0,0,0,0,0,0,0,0,0,0,0,0
10000078,10000078,0,0,0,0,0,0,0,0,0,0,0,0,0,0,0,0,0,0,0
448,448,0,0,0,0,0,0,0,0,0,0,0,0,0,0,0,0,0,0,0
449,449,0,0,0,0,0,0,0,0,0,0,0,0,0,0,0,0,0,0,0
450,450,0,0,0,0,0,0,0,0,0,0,0,0,0,0,0,0,0,0,0
10000079,10000079,0,0,0,0,0,0,0,0,0,0,0,0,0,0,0,0,0,0,0
10000080,10000080,0,0,0,0,0,0,0,0,0,0,0,0,0,0,0,0,0,0,0
10000081,0,0,0,0,0,0,0,0,0,0,0,0,0,0,0,0,0,0,0,0
451,451,0,0,0,0,0,0,0,0,0,0,0,0,0,0,0,0,0,0,0
452,452,0,0,0,0,0,0,0,0,0,0,0,0,0,0,0,0,0,0,0
453,453,0,0,0,0,0,0,0,0,0,0,0,0,0,0,0,0,0,0,0
10000082,10000082,0,0,0,0,0,0,0,0,0,0,0,0,0,0,0,0,0,0,0
10000083,10000083,0,0,0,0,0,0,0,0,0,0,0,0,0,0,0,0,0,0,0
10000084,0,0,0,0,0,0,0,0,0,0,0,0,0,0,0,0,0,0,0,0
10000085,0,0,0,0,0,0,0,0,0,0,0,0,0,0,0,0,0,0,0,0
10000086,10000086,0,0,0,0,0,0,0,0,0,0,0,0,0,0,0,0,0,0,0
141001,140001,140002,140022,0,0,0,0,0,0,0,0,0,0,0,0,0,0,0,0,0
141002,140023,140003,0,0,0,0,0,0,0,0,0,0,0,0,0,0,0,0,0,0
141003,140024,140004,0,0,0,0,0,0,0,0,0,0,0,0,0,0,0,0,0,0
141004,140025,140005,140042,140043,0,0,0,0,0,0,0,0,0,0,0,0,0,0,0,0
141005,140026,140006,140044,0,0,0,0,0,0,0,0,0,0,0,0,0,0,0,0,0
141006,140027,140007,140045,0,0,0,0,0,0,0,0,0,0,0,0,0,0,0,0,0
141007,140028,140008,140046,0,0,0,0,0,0,0,0,0,0,0,0,0,0,0,0,0
141008,140029,140009,140047,140058,0,0,0,0,0,0,0,0,0,0,0,0,0,0,0,0
141009,140030,140010,140048,140059,0,0,0,0,0,0,0,0,0,0,0,0,0,0,0,0
141010,140031,140011,140049,140060,0,0,0,0,0,0,0,0,0,0,0,0,0,0,0,0
141011,140012,140032,0,0,0,0,0,0,0,0,0,0,0,0,0,0,0,0,0,0
141012,140013,140033,0,0,0,0,0,0,0,0,0,0,0,0,0,0,0,0,0,0
141013,140014,140034,140050,0,0,0,0,0,0,0,0,0,0,0,0,0,0,0,0,0
141014,140015,140035,140051,0,0,0,0,0,0,0,0,0,0,0,0,0,0,0,0,0
141015,140016,140036,140052,0,0,0,0,0,0,0,0,0,0,0,0,0,0,0,0,0
141016,140017,140037,140053,0,0,0,0,0,0,0,0,0,0,0,0,0,0,0,0,0
141017,140018,140038,140054,0,0,0,0,0,0,0,0,0,0,0,0,0,0,0,0,0
141018,140019,140039,140055,140061,0,0,0,0,0,0,0,0,0,0,0,0,0,0,0,0
141019,140020,140040,140056,140062,0,0,0,0,0,0,0,0,0,0,0,0,0,0,0,0
141020,140021,140041,140057,140063,0,0,0,0,0,0,0,0,0,0,0,0,0,0,0,0
140064,140064,0,0,0,0,0,0,0,0,0,0,0,0,0,0,0,0,0,0,0
140065,140065,0,0,0,0,0,0,0,0,0,0,0,0,0,0,0,0,0,0,0
140066,140066,0,0,0,0,0,0,0,0,0,0,0,0,0,0,0,0,0,0,0
140067,140067,0,0,0,0,0,0,0,0,0,0,0,0,0,0,0,0,0,0,0
140068,140068,0,0,0,0,0,0,0,0,0,0,0,0,0,0,0,0,0,0,0
140069,140069,0,0,0,0,0,0,0,0,0,0,0,0,0,0,0,0,0,0,0
140070,140070,0,0,0,0,0,0,0,0,0,0,0,0,0,0,0,0,0,0,0
140071,140071,140073,140074,0,0,0,0,0,0,0,0,0,0,0,0,0,0,0,0,0
140072,140072,140075,140076,0,0,0,0,0,0,0,0,0,0,0,0,0,0,0,0,0
140073,140077,0,0,0,0,0,0,0,0,0,0,0,0,0,0,0,0,0,0,0
4000099,4000099,0,0,0,0,0,0,0,0,0,0,0,0,0,0,0,0,0,0,0
501,501,0,0,0,0,0,0,0,0,0,0,0,0,0,0,0,0,0,0,0
502,502,0,0,0,0,0,0,0,0,0,0,0,0,0,0,0,0,0,0,0
503,0,0,0,0,0,0,0,0,0,0,0,0,0,0,0,0,0,0,0,0
504,504,0,0,0,0,0,0,0,0,0,0,0,0,0,0,0,0,0,0,0
505,505,0,0,0,0,0,0,0,0,0,0,0,0,0,0,0,0,0,0,0
506,506,0,0,0,0,0,0,0,0,0,0,0,0,0,0,0,0,0,0,0
9260001,9210001,0,0,0,0,0,0,0,0,0,0,0,0,0,0,0,0,0,0,0
9260002,9220001,0,0,0,0,0,0,0,0,0,0,0,0,0,0,0,0,0,0,0
9260003,9230001,0,0,0,0,0,0,0,0,0,0,0,0,0,0,0,0,0,0,0
9260004,9240001,0,0,0,0,0,0,0,0,0,0,0,0,0,0,0,0,0,0,0
507,0,0,0,0,0,0,0,0,0,0,0,0,0,0,0,0,0,0,0,0
150101,150101,0,0,0,0,0,0,0,0,0,0,0,0,0,0,0,0,0,0,0
150102,150102,0,0,0,0,0,0,0,0,0,0,0,0,0,0,0,0,0,0,0
150103,150103,0,0,0,0,0,0,0,0,0,0,0,0,0,0,0,0,0,0,0
150104,150104,0,0,0,0,0,0,0,0,0,0,0,0,0,0,0,0,0,0,0
508,508,0,0,0,0,0,0,0,0,0,0,0,0,0,0,0,0,0,0,0
352201,352201,352202,0,0,0,0,0,0,0,0,0,0,0,0,0,0,0,0,0,0
352203,352203,0,0,0,0,0,0,0,0,0,0,0,0,0,0,0,0,0,0,0
352204,0,0,0,0,0,0,0,0,0,0,0,0,0,0,0,0,0,0,0,0
352205,352205,0,0,0,0,0,0,0,0,0,0,0,0,0,0,0,0,0,0,0
150105,150105,0,0,0,0,0,0,0,0,0,0,0,0,0,0,0,0,0,0,0
150106,150106,0,0,0,0,0,0,0,0,0,0,0,0,0,0,0,0,0,0,0
150107,150107,0,0,0,0,0,0,0,0,0,0,0,0,0,0,0,0,0,0,0
150108,150108,0,0,0,0,0,0,0,0,0,0,0,0,0,0,0,0,0,0,0
150109,150109,0,0,0,0,0,0,0,0,0,0,0,0,0,0,0,0,0,0,0
509,509,0,0,0,0,0,0,0,0,0,0,0,0,0,0,0,0,0,0,0
510,510,0,0,0,0,0,0,0,0,0,0,0,0,0,0,0,0,0,0,0
511,511,0,0,0,0,0,0,0,0,0,0,0,0,0,0,0,0,0,0,0
512,512,0,0,0,0,0,0,0,0,0,0,0,0,0,0,0,0,0,0,0
513,513,0,0,0,0,0,0,0,0,0,0,0,0,0,0,0,0,0,0,0
514,514,0,0,0,0,0,0,0,0,0,0,0,0,0,0,0,0,0,0,0
150110,150110,0,0,0,0,0,0,0,0,0,0,0,0,0,0,0,0,0,0,0
150111,150111,0,0,0,0,0,0,0,0,0,0,0,0,0,0,0,0,0,0,0
150112,150112,0,0,0,0,0,0,0,0,0,0,0,0,0,0,0,0,0,0,0
150113,150113,0,0,0,0,0,0,0,0,0,0,0,0,0,0,0,0,0,0,0
150114,150114,0,0,0,0,0,0,0,0,0,0,0,0,0,0,0,0,0,0,0
150115,150115,0,0,0,0,0,0,0,0,0,0,0,0,0,0,0,0,0,0,0
150116,150116,0,0,0,0,0,0,0,0,0,0,0,0,0,0,0,0,0,0,0
150117,150117,0,0,0,0,0,0,0,0,0,0,0,0,0,0,0,0,0,0,0
150122,150122,150123,150124,0,0,0,0,0,0,0,0,0,0,0,0,0,0,0,0,0
150125,150125,0,0,0,0,0,0,0,0,0,0,0,0,0,0,0,0,0,0,0
150126,150126,0,0,0,0,0,0,0,0,0,0,0,0,0,0,0,0,0,0,0
150127,150127,0,0,0,0,0,0,0,0,0,0,0,0,0,0,0,0,0,0,0
150128,150128,0,0,0,0,0,0,0,0,0,0,0,0,0,0,0,0,0,0,0
150129,150129,0,0,0,0,0,0,0,0,0,0,0,0,0,0,0,0,0,0,0
150130,150130,0,0,0,0,0,0,0,0,0,0,0,0,0,0,0,0,0,0,0
150131,150131,0,0,0,0,0,0,0,0,0,0,0,0,0,0,0,0,0,0,0
150132,150132,0,0,0,0,0,0,0,0,0,0,0,0,0,0,0,0,0,0,0
150133,150133,0,0,0,0,0,0,0,0,0,0,0,0,0,0,0,0,0,0,0
150134,150134,0,0,0,0,0,0,0,0,0,0,0,0,0,0,0,0,0,0,0
150135,150135,0,0,0,0,0,0,0,0,0,0,0,0,0,0,0,0,0,0,0
150136,150136,0,0,0,0,0,0,0,0,0,0,0,0,0,0,0,0,0,0,0
150137,150137,0,0,0,0,0,0,0,0,0,0,0,0,0,0,0,0,0,0,0
150138,150138,0,0,0,0,0,0,0,0,0,0,0,0,0,0,0,0,0,0,0
150139,150139,0,0,0,0,0,0,0,0,0,0,0,0,0,0,0,0,0,0,0
150140,150140,0,0,0,0,0,0,0,0,0,0,0,0,0,0,0,0,0,0,0
150141,150141,0,0,0,0,0,0,0,0,0,0,0,0,0,0,0,0,0,0,0
150142,150142,0,0,0,0,0,0,0,0,0,0,0,0,0,0,0,0,0,0,0
150143,150143,0,0,0,0,0,0,0,0,0,0,0,0,0,0,0,0,0,0,0
150144,150144,0,0,0,0,0,0,0,0,0,0,0,0,0,0,0,0,0,0,0
150145,150145,0,0,0,0,0,0,0,0,0,0,0,0,0,0,0,0,0,0,0
150146,150146,0,0,0,0,0,0,0,0,0,0,0,0,0,0,0,0,0,0,0
150147,150147,0,0,0,0,0,0,0,0,0,0,0,0,0,0,0,0,0,0,0
150148,150148,0,0,0,0,0,0,0,0,0,0,0,0,0,0,0,0,0,0,0
150149,150149,0,0,0,0,0,0,0,0,0,0,0,0,0,0,0,0,0,0,0
150150,150150,0,0,0,0,0,0,0,0,0,0,0,0,0,0,0,0,0,0,0
150151,150151,0,0,0,0,0,0,0,0,0,0,0,0,0,0,0,0,0,0,0
150152,150152,0,0,0,0,0,0,0,0,0,0,0,0,0,0,0,0,0,0,0
150156,150153,0,0,0,0,0,0,0,0,0,0,0,0,0,0,0,0,0,0,0
150153,150153,0,0,0,0,0,0,0,0,0,0,0,0,0,0,0,0,0,0,0
150154,150154,0,0,0,0,0,0,0,0,0,0,0,0,0,0,0,0,0,0,0
150155,150155,0,0,0,0,0,0,0,0,0,0,0,0,0,0,0,0,0,0,0
150157,150157,0,0,0,0,0,0,0,0,0,0,0,0,0,0,0,0,0,0,0
150158,150158,0,0,0,0,0,0,0,0,0,0,0,0,0,0,0,0,0,0,0
150159,150159,0,0,0,0,0,0,0,0,0,0,0,0,0,0,0,0,0,0,0
150160,150160,0,0,0,0,0,0,0,0,0,0,0,0,0,0,0,0,0,0,0
150161,150161,0,0,0,0,0,0,0,0,0,0,0,0,0,0,0,0,0,0,0
150162,150162,0,0,0,0,0,0,0,0,0,0,0,0,0,0,0,0,0,0,0
150163,150163,0,0,0,0,0,0,0,0,0,0,0,0,0,0,0,0,0,0,0
150164,150164,150165,0,0,0,0,0,0,0,0,0,0,0,0,0,0,0,0,0,0
150166,150166,0,0,0,0,0,0,0,0,0,0,0,0,0,0,0,0,0,0,0
150167,150167,0,0,0,0,0,0,0,0,0,0,0,0,0,0,0,0,0,0,0
150168,150168,0,0,0,0,0,0,0,0,0,0,0,0,0,0,0,0,0,0,0
150169,150169,0,0,0,0,0,0,0,0,0,0,0,0,0,0,0,0,0,0,0
150170,150170,0,0,0,0,0,0,0,0,0,0,0,0,0,0,0,0,0,0,0
150171,150171,0,0,0,0,0,0,0,0,0,0,0,0,0,0,0,0,0,0,0
150172,150172,0,0,0,0,0,0,0,0,0,0,0,0,0,0,0,0,0,0,0
150173,150173,0,0,0,0,0,0,0,0,0,0,0,0,0,0,0,0,0,0,0
150174,150174,150175,150176,0,0,0,0,0,0,0,0,0,0,0,0,0,0,0,0,0
150177,150177,0,0,0,0,0,0,0,0,0,0,0,0,0,0,0,0,0,0,0
150178,150178,0,0,0,0,0,0,0,0,0,0,0,0,0,0,0,0,0,0,0
150179,150179,0,0,0,0,0,0,0,0,0,0,0,0,0,0,0,0,0,0,0
3300001,3300001,0,0,0,0,0,0,0,0,0,0,0,0,0,0,0,0,0,0,0
3300002,3300002,0,0,0,0,0,0,0,0,0,0,0,0,0,0,0,0,0,0,0
3300003,3300003,0,0,0,0,0,0,0,0,0,0,0,0,0,0,0,0,0,0,0
3300004,3300004,0,0,0,0,0,0,0,0,0,0,0,0,0,0,0,0,0,0,0
150180,150180,0,0,0,0,0,0,0,0,0,0,0,0,0,0,0,0,0,0,0
150181,150181,0,0,0,0,0,0,0,0,0,0,0,0,0,0,0,0,0,0,0
150182,150182,0,0,0,0,0,0,0,0,0,0,0,0,0,0,0,0,0,0,0
150183,150183,0,0,0,0,0,0,0,0,0,0,0,0,0,0,0,0,0,0,0
150184,150184,0,0,0,0,0,0,0,0,0,0,0,0,0,0,0,0,0,0,0
150185,150185,0,0,0,0,0,0,0,0,0,0,0,0,0,0,0,0,0,0,0
150186,150186,0,0,0,0,0,0,0,0,0,0,0,0,0,0,0,0,0,0,0
150187,150187,0,0,0,0,0,0,0,0,0,0,0,0,0,0,0,0,0,0,0
150188,150188,0,0,0,0,0,0,0,0,0,0,0,0,0,0,0,0,0,0,0
150189,150189,0,0,0,0,0,0,0,0,0,0,0,0,0,0,0,0,0,0,0
150190,150190,0,0,0,0,0,0,0,0,0,0,0,0,0,0,0,0,0,0,0
150191,150191,0,0,0,0,0,0,0,0,0,0,0,0,0,0,0,0,0,0,0
150192,150192,0,0,0,0,0,0,0,0,0,0,0,0,0,0,0,0,0,0,0
150193,150193,0,0,0,0,0,0,0,0,0,0,0,0,0,0,0,0,0,0,0
150194,150194,0,0,0,0,0,0,0,0,0,0,0,0,0,0,0,0,0,0,0
150195,150195,0,0,0,0,0,0,0,0,0,0,0,0,0,0,0,0,0,0,0
150196,150196,0,0,0,0,0,0,0,0,0,0,0,0,0,0,0,0,0,0,0
150197,150197,0,0,0,0,0,0,0,0,0,0,0,0,0,0,0,0,0,0,0
150198,150198,0,0,0,0,0,0,0,0,0,0,0,0,0,0,0,0,0,0,0
150199,150199,0,0,0,0,0,0,0,0,0,0,0,0,0,0,0,0,0,0,0
150200,150200,0,0,0,0,0,0,0,0,0,0,0,0,0,0,0,0,0,0,0
150201,150201,0,0,0,0,0,0,0,0,0,0,0,0,0,0,0,0,0,0,0
150202,150202,0,0,0,0,0,0,0,0,0,0,0,0,0,0,0,0,0,0,0
150203,150203,0,0,0,0,0,0,0,0,0,0,0,0,0,0,0,0,0,0,0
150204,150204,0,0,0,0,0,0,0,0,0,0,0,0,0,0,0,0,0,0,0
150205,150205,0,0,0,0,0,0,0,0,0,0,0,0,0,0,0,0,0,0,0
150206,150206,150207,0,0,0,0,0,0,0,0,0,0,0,0,0,0,0,0,0,0
150208,150208,0,0,0,0,0,0,0,0,0,0,0,0,0,0,0,0,0,0,0
150209,150209,0,0,0,0,0,0,0,0,0,0,0,0,0,0,0,0,0,0,0
150210,150210,0,0,0,0,0,0,0,0,0,0,0,0,0,0,0,0,0,0,0
150211,150211,0,0,0,0,0,0,0,0,0,0,0,0,0,0,0,0,0,0,0
150212,150212,0,0,0,0,0,0,0,0,0,0,0,0,0,0,0,0,0,0,0
150213,150213,0,0,0,0,0,0,0,0,0,0,0,0,0,0,0,0,0,0,0
150214,150214,0,0,0,0,0,0,0,0,0,0,0,0,0,0,0,0,0,0,0
150215,150215,0,0,0,0,0,0,0,0,0,0,0,0,0,0,0,0,0,0,0
150216,150216,0,0,0,0,0,0,0,0,0,0,0,0,0,0,0,0,0,0,0
150217,150217,0,0,0,0,0,0,0,0,0,0,0,0,0,0,0,0,0,0,0
150219,150219,0,0,0,0,0,0,0,0,0,0,0,0,0,0,0,0,0,0,0
150218,150218,0,0,0,0,0,0,0,0,0,0,0,0,0,0,0,0,0,0,0
150220,150220,0,0,0,0,0,0,0,0,0,0,0,0,0,0,0,0,0,0,0
150221,150221,0,0,0,0,0,0,0,0,0,0,0,0,0,0,0,0,0,0,0
150222,150222,0,0,0,0,0,0,0,0,0,0,0,0,0,0,0,0,0,0,0
150223,150223,0,0,0,0,0,0,0,0,0,0,0,0,0,0,0,0,0,0,0
150224,150224,0,0,0,0,0,0,0,0,0,0,0,0,0,0,0,0,0,0,0
150225,150225,0,0,0,0,0,0,0,0,0,0,0,0,0,0,0,0,0,0,0
150226,150226,0,0,0,0,0,0,0,0,0,0,0,0,0,0,0,0,0,0,0
150227,150227,0,0,0,0,0,0,0,0,0,0,0,0,0,0,0,0,0,0,0
150228,150228,0,0,0,0,0,0,0,0,0,0,0,0,0,0,0,0,0,0,0
150229,150229,0,0,0,0,0,0,0,0,0,0,0,0,0,0,0,0,0,0,0
150231,150231,0,0,0,0,0,0,0,0,0,0,0,0,0,0,0,0,0,0,0
150230,150230,0,0,0,0,0,0,0,0,0,0,0,0,0,0,0,0,0,0,0
150232,150232,0,0,0,0,0,0,0,0,0,0,0,0,0,0,0,0,0,0,0
150233,150233,0,0,0,0,0,0,0,0,0,0,0,0,0,0,0,0,0,0,0
150234,150234,0,0,0,0,0,0,0,0,0,0,0,0,0,0,0,0,0,0,0
150235,150235,150236,0,0,0,0,0,0,0,0,0,0,0,0,0,0,0,0,0,0
150237,150237,0,0,0,0,0,0,0,0,0,0,0,0,0,0,0,0,0,0,0
150238,150238,0,0,0,0,0,0,0,0,0,0,0,0,0,0,0,0,0,0,0
150239,150239,0,0,0,0,0,0,0,0,0,0,0,0,0,0,0,0,0,0,0
150240,150240,0,0,0,0,0,0,0,0,0,0,0,0,0,0,0,0,0,0,0
150241,150241,0,0,0,0,0,0,0,0,0,0,0,0,0,0,0,0,0,0,0
150242,150242,0,0,0,0,0,0,0,0,0,0,0,0,0,0,0,0,0,0,0
150243,150243,0,0,0,0,0,0,0,0,0,0,0,0,0,0,0,0,0,0,0
150244,150244,0,0,0,0,0,0,0,0,0,0,0,0,0,0,0,0,0,0,0
150245,150245,0,0,0,0,0,0,0,0,0,0,0,0,0,0,0,0,0,0,0
150246,150246,0,0,0,0,0,0,0,0,0,0,0,0,0,0,0,0,0,0,0
150247,150247,0,0,0,0,0,0,0,0,0,0,0,0,0,0,0,0,0,0,0
150248,150248,0,0,0,0,0,0,0,0,0,0,0,0,0,0,0,0,0,0,0
150249,150249,0,0,0,0,0,0,0,0,0,0,0,0,0,0,0,0,0,0,0
1083,0,0,0,0,0,0,0,0,0,0,0,0,0,0,0,0,0,0,0,0
1084,0,0,0,0,0,0,0,0,0,0,0,0,0,0,0,0,0,0,0,0
1085,0,0,0,0,0,0,0,0,0,0,0,0,0,0,0,0,0,0,0,0
1086,0,0,0,0,0,0,0,0,0,0,0,0,0,0,0,0,0,0,0,0
1087,0,0,0,0,0,0,0,0,0,0,0,0,0,0,0,0,0,0,0,0
1088,0,0,0,0,0,0,0,0,0,0,0,0,0,0,0,0,0,0,0,0
1089,0,0,0,0,0,0,0,0,0,0,0,0,0,0,0,0,0,0,0,0
1090,0,0,0,0,0,0,0,0,0,0,0,0,0,0,0,0,0,0,0,0
1091,0,0,0,0,0,0,0,0,0,0,0,0,0,0,0,0,0,0,0,0
1092,0,0,0,0,0,0,0,0,0,0,0,0,0,0,0,0,0,0,0,0
1093,0,0,0,0,0,0,0,0,0,0,0,0,0,0,0,0,0,0,0,0
1094,0,0,0,0,0,0,0,0,0,0,0,0,0,0,0,0,0,0,0,0
1095,0,0,0,0,0,0,0,0,0,0,0,0,0,0,0,0,0,0,0,0
1096,0,0,0,0,0,0,0,0,0,0,0,0,0,0,0,0,0,0,0,0
1097,0,0,0,0,0,0,0,0,0,0,0,0,0,0,0,0,0,0,0,0
1098,0,0,0,0,0,0,0,0,0,0,0,0,0,0,0,0,0,0,0,0
1099,0,0,0,0,0,0,0,0,0,0,0,0,0,0,0,0,0,0,0,0
1100,0,0,0,0,0,0,0,0,0,0,0,0,0,0,0,0,0,0,0,0
